"","자치구 기준일","year","month","day","종로구","중구","용산구","성동구","광진구","동대문구","중랑구","성북구","강북구","도봉구","노원구","은평구","서대문구","마포구","양천구","강서구","구로구","금천구","영등포구","동작구","관악구","서추구","강남구","송파구","강동구","기타"
"1","2022.02.14.","2022","02","14",96,91,256,336,477,345,317,458,338,326,1153,412,260,414,491,683,421,265,383,420,590,386,632,726,588,735
"2","2022.02.13.","2022","02","13",184,111,248,408,448,375,522,616,307,360,456,453,198,479,534,656,483,230,357,435,595,430,747,800,664,728
"3","2022.02.12.","2022","02","12",215,120,240,237,419,471,488,537,255,401,544,693,402,490,484,992,489,297,402,503,696,510,917,738,689,969
"4","2022.02.11.","2022","02","11",162,105,241,168,438,401,467,525,341,399,516,560,348,372,476,554,401,308,455,383,951,487,546,694,643,590
"5","2022.02.10.","2022","02","10",92,106,217,332,457,340,287,482,235,327,703,558,435,429,482,891,467,237,446,413,666,418,841,697,724,593
"6","2022.02.09.","2022","02","09",143,212,246,236,382,360,536,605,238,349,958,700,261,401,477,322,443,263,393,455,289,428,824,1048,474,639
"7","2022.02.08.","2022","02","08",57,15,122,102,301,225,247,295,219,218,247,295,232,252,280,168,229,108,241,276,170,221,467,224,363,336
"8","2022.02.07.","2022","02","07",77,94,147,53,288,217,311,289,213,222,224,272,145,258,401,316,236,155,278,340,377,315,166,695,386,413
"9","2022.02.06.","2022","02","06",106,97,151,310,322,281,303,265,223,257,377,314,184,208,372,186,269,159,322,389,363,397,238,714,479,535
"10","2022.02.05.","2022","02","05",106,89,160,227,284,276,242,386,203,243,499,385,170,336,359,305,341,198,296,480,588,478,261,773,436,477
"11","2022.02.04.","2022","02","04",70,110,174,159,223,184,210,334,142,214,216,185,179,236,329,233,217,186,234,222,161,405,200,473,462,402
"12","2022.02.03.","2022","02","03",76,72,155,149,213,160,210,260,167,205,217,145,111,222,288,149,165,48,223,256,240,213,193,423,307,351
"13","2022.02.02.","2022","02","02",43,62,129,205,191,98,103,122,121,148,97,105,133,198,221,128,160,135,183,165,283,170,149,389,219,252
"14","2022.02.01.","2022","02","01",41,54,96,108,170,138,163,238,107,106,197,124,105,146,197,195,140,105,141,170,185,115,286,282,213,309
"15","2022.01.31.","2022","01","31",59,35,101,119,187,131,127,147,85,90,219,99,90,170,209,216,139,75,154,182,306,186,255,306,214,292
"16","2022.01.30.","2022","01","30",53,56,99,122,160,138,147,167,82,118,195,197,123,162,192,211,151,66,155,193,205,187,204,286,209,307
"17","2022.01.29.","2022","01","29",53,64,112,99,144,124,145,158,100,120,211,148,114,183,195,242,157,63,165,146,256,220,248,269,192,271
"18","2022.01.28.","2022","01","28",52,49,110,124,180,180,119,168,73,115,172,132,120,159,216,108,140,76,159,194,205,192,257,289,166,236
"19","2022.01.27.","2022","01","27",50,39,80,97,131,108,130,148,79,84,156,124,100,155,156,121,117,68,129,161,223,172,217,249,135,200
"20","2022.01.26.","2022","01","26",37,34,89,88,139,73,135,164,51,63,194,117,111,143,149,58,104,62,127,145,236,128,219,176,130,206
"21","2022.01.25.","2022","01","25",27,33,36,50,121,25,45,76,32,23,124,35,48,45,66,87,44,15,83,67,96,85,165,116,58,122
"22","2022.01.24.","2022","01","24",39,18,46,51,76,54,39,51,28,47,54,50,68,66,67,68,46,36,57,71,112,71,140,111,71,142
"23","2022.01.23.","2022","01","23",20,22,50,60,86,59,45,56,32,40,74,69,58,59,64,82,72,34,51,59,106,80,129,97,64,126
"24","2022.01.22.","2022","01","22",25,39,44,39,72,67,44,45,21,27,85,66,53,62,65,73,42,29,62,60,103,71,117,96,59,125
"25","2022.01.21.","2022","01","21",17,23,36,49,65,57,38,68,20,27,80,44,41,55,61,85,64,43,59,48,92,84,109,81,48,158
"26","2022.01.20.","2022","01","20",19,24,34,42,38,48,46,55,28,42,76,46,41,56,57,45,57,32,46,51,84,48,99,92,40,116
"27","2022.01.19.","2022","01","19",17,25,43,28,46,47,32,46,25,30,51,42,38,41,39,43,47,27,66,46,71,47,95,79,37,123
"28","2022.01.18.","2022","01","18",10,10,25,16,39,14,14,31,11,18,43,24,25,22,28,36,32,19,24,32,48,37,60,48,22,75
"29","2022.01.17.","2022","01","17",13,17,32,14,22,26,17,32,26,21,27,20,29,31,37,47,27,25,27,20,34,42,56,47,22,79
"30","2022.01.16.","2022","01","16",6,14,32,26,33,30,32,50,14,22,43,22,49,38,34,60,39,28,32,29,60,32,55,73,16,56
"31","2022.01.15.","2022","01","15",17,21,34,30,35,40,38,26,19,23,36,25,47,45,31,40,29,21,30,26,54,37,61,53,21,73
"32","2022.01.14.","2022","01","14",9,23,30,27,39,44,34,36,32,32,35,29,21,36,30,31,32,21,36,28,47,62,53,52,37,83
"33","2022.01.13.","2022","01","13",18,18,29,33,35,35,35,36,20,21,36,30,27,32,30,30,58,13,40,34,64,43,83,66,38,74
"34","2022.01.12.","2022","01","12",12,21,41,19,45,45,33,41,16,25,27,39,41,53,26,45,51,18,39,34,70,61,100,72,46,73
"35","2022.01.11.","2022","01","11",21,10,22,10,25,35,30,32,21,20,35,24,15,27,33,32,41,13,20,21,32,44,72,41,18,61
"36","2022.01.10.","2022","01","10",15,22,24,21,29,43,27,40,17,20,28,28,10,26,25,33,46,21,13,24,36,33,48,55,32,65
"37","2022.01.09.","2022","01","09",20,17,32,17,33,46,33,27,27,24,47,37,29,40,36,29,52,24,33,26,41,40,49,68,48,91
"38","2022.01.08.","2022","01","08",28,16,24,30,41,39,41,41,21,42,51,26,30,38,29,52,46,25,26,34,52,41,68,49,43,61
"39","2022.01.07.","2022","01","07",24,23,36,30,34,36,36,39,18,31,44,38,21,37,43,28,51,20,47,44,42,49,74,61,40,92
"40","2022.01.06.","2022","01","06",16,23,28,33,51,54,57,39,30,32,60,43,35,31,51,48,61,30,58,32,57,47,76,76,57,83
"41","2022.01.05.","2022","01","05",21,20,39,38,52,66,71,62,33,44,47,63,36,45,82,47,73,36,46,37,49,54,100,79,58,114
"42","2022.01.04.","2022","01","04",13,17,23,20,28,32,46,48,37,29,47,29,28,34,37,39,38,24,28,35,47,32,57,60,49,61
"43","2022.01.03.","2022","01","03",12,21,20,34,27,38,42,36,23,33,59,32,37,36,46,32,30,25,35,20,35,41,64,61,45,109
"44","2022.01.02.","2022","01","02",17,26,35,27,33,36,48,48,45,36,64,53,24,45,48,41,70,33,51,35,58,46,57,82,58,67
"45","2022.01.01.","2022","01","01",20,29,37,41,34,74,58,56,44,45,88,49,51,39,69,70,79,40,52,38,48,59,76,96,82,90
"46","2021.12.31.","2021","12","31",24,22,38,43,61,72,68,71,58,56,91,61,44,56,74,76,62,40,78,52,70,52,86,109,106,100
"47","2021.12.30.","2021","12","30",28,23,33,53,62,63,64,86,77,54,87,67,43,50,48,66,83,40,76,64,77,69,84,120,92,113
"48","2021.12.29.","2021","12","29",43,33,36,42,49,98,69,82,66,52,80,107,52,55,77,102,86,54,87,73,77,71,67,86,91,180
"49","2021.12.28.","2021","12","28",40,23,29,39,51,61,39,107,44,55,90,35,25,38,52,42,45,25,42,41,51,33,67,82,57,77
"50","2021.12.27.","2021","12","27",30,29,31,26,43,61,71,111,59,40,94,78,44,53,55,59,30,37,42,50,77,56,69,116,57,78
"51","2021.12.26.","2021","12","26",31,38,34,39,43,83,71,111,64,61,105,70,54,81,79,84,70,51,82,76,85,66,83,147,70,139
"52","2021.12.25.","2021","12","25",49,26,33,56,59,72,63,79,67,72,130,101,59,82,116,89,92,41,100,88,81,84,104,127,77,176
"53","2021.12.24.","2021","12","24",47,42,53,41,68,97,67,110,92,80,106,86,82,70,116,126,81,42,95,99,102,90,114,188,86,166
"54","2021.12.23.","2021","12","23",49,47,57,74,87,112,84,124,91,90,149,135,82,99,110,131,100,46,127,91,131,87,141,167,102,207
"55","2021.12.22.","2021","12","22",40,31,70,69,73,118,111,62,80,111,170,160,74,108,92,133,132,61,124,102,125,109,136,145,130,239
"56","2021.12.21.","2021","12","21",45,26,47,43,64,84,75,89,80,71,151,150,58,44,55,94,52,43,59,94,99,61,120,102,81,107
"57","2021.12.20.","2021","12","20",26,22,35,36,63,102,67,101,78,61,111,75,51,72,53,79,58,52,63,71,103,69,95,152,81,132
"58","2021.12.19.","2021","12","19",36,28,53,59,63,115,99,93,63,88,68,99,50,66,76,110,97,62,105,86,96,101,132,65,109,301
"59","2021.12.18.","2021","12","18",48,36,53,80,102,113,97,126,94,125,139,133,90,79,104,137,111,81,111,96,133,120,126,182,88,190
"60","2021.12.17.","2021","12","17",48,29,55,79,59,162,122,95,103,88,120,128,97,78,108,154,130,91,125,101,139,89,146,178,102,220
"61","2021.12.16.","2021","12","16",41,44,70,69,81,147,141,152,80,92,135,123,88,91,108,184,141,70,111,86,147,110,162,123,135,326
"62","2021.12.15.","2021","12","15",39,49,61,73,72,133,149,123,91,119,162,109,112,108,116,182,164,108,131,125,176,115,127,252,138,132
"63","2021.12.14.","2021","12","14",26,25,38,59,51,98,94,80,73,66,66,101,90,67,84,95,65,52,69,49,71,82,91,115,68,287
"64","2021.12.13.","2021","12","13",66,28,52,54,63,111,111,160,87,82,105,128,75,72,105,119,105,60,98,74,117,97,150,175,76,180
"65","2021.12.12.","2021","12","12",43,43,50,44,65,104,116,77,72,101,116,80,54,75,105,117,154,73,111,86,132,106,106,116,109,273
"66","2021.12.11.","2021","12","11",35,42,50,59,91,139,103,100,58,104,118,99,57,82,97,146,105,73,134,98,112,101,124,202,130,376
"67","2021.12.10.","2021","12","10",48,36,44,66,82,156,155,138,80,105,123,104,99,81,105,134,115,97,143,93,127,100,140,138,135,156
"68","2021.12.09.","2021","12","09",17,33,59,34,64,111,92,98,46,96,113,164,34,81,104,142,115,88,118,105,136,102,149,135,103,451
"69","2021.12.08.","2021","12","08",44,59,54,69,101,153,105,118,86,106,118,118,71,93,113,149,134,93,134,113,157,108,134,181,132,158
"70","2021.12.07.","2021","12","07",57,32,50,55,54,108,96,74,123,84,163,119,87,64,58,97,58,33,78,72,79,61,99,137,44,138
"71","2021.12.06.","2021","12","06",11,27,25,20,57,34,84,77,10,65,57,37,39,66,81,81,52,37,73,63,83,47,58,82,57,85
"72","2021.12.05.","2021","12","05",27,33,48,37,67,101,92,90,72,57,71,54,77,60,72,114,109,54,111,90,104,54,89,129,103,117
"73","2021.12.04.","2021","12","04",66,29,48,34,75,82,105,87,54,92,96,90,59,73,102,114,88,60,111,93,132,70,95,120,84,214
"74","2021.12.03.","2021","12","03",29,22,50,41,74,93,83,106,72,83,75,107,68,69,84,124,61,87,111,81,101,68,65,106,93,146
"75","2021.12.02.","2021","12","02",33,41,48,32,58,93,84,72,48,62,50,88,48,76,67,135,84,73,89,64,29,49,77,79,73,616
"76","2021.12.01.","2021","12","01",44,36,75,55,68,103,80,88,56,70,96,102,61,88,104,65,118,60,108,102,112,57,89,125,100,160
"77","2021.11.30.","2021","11","30",39,26,31,41,49,40,46,49,58,43,90,61,32,40,51,47,47,28,63,40,45,39,42,46,28,65
"78","2021.11.29.","2021","11","29",33,23,37,22,40,53,47,51,59,38,44,58,53,49,58,76,66,50,73,77,79,64,43,73,42,85
"79","2021.11.28.","2021","11","28",33,29,25,37,50,88,79,56,55,57,63,60,51,49,92,78,105,38,80,100,68,47,42,80,52,162
"80","2021.11.27.","2021","11","27",30,38,61,34,52,101,79,67,62,53,81,98,48,49,74,98,106,58,80,106,60,43,64,78,74,194
"81","2021.11.26.","2021","11","26",20,34,45,26,54,74,66,75,52,43,57,102,52,47,73,84,99,51,76,110,76,21,45,90,79,191
"82","2021.11.25.","2021","11","25",50,27,33,35,50,71,67,73,79,39,67,66,38,53,99,86,83,84,97,101,82,42,49,103,67,119
"83","2021.11.24.","2021","11","24",13,25,29,22,47,75,56,73,52,47,73,93,64,52,90,91,95,65,97,89,95,44,54,120,68,106
"84","2021.11.23.","2021","11","23",24,20,10,37,40,34,50,69,52,43,56,45,28,33,56,76,55,29,41,55,38,44,45,57,49,79
"85","2021.11.22.","2021","11","22",22,14,22,29,36,51,60,71,51,37,58,42,37,41,59,64,65,38,77,52,58,33,46,77,66,72
"86","2021.11.21.","2021","11","21",28,17,25,41,45,51,40,73,41,23,72,55,28,37,67,74,66,31,69,59,63,42,52,82,62,77
"87","2021.11.20.","2021","11","20",32,22,26,43,28,59,47,65,46,57,48,56,31,33,50,73,70,61,81,51,64,58,58,68,52,98
"88","2021.11.19.","2021","11","19",25,34,21,28,41,74,42,90,42,60,51,61,32,43,42,80,66,55,97,47,59,31,61,78,51,90
"89","2021.11.18.","2021","11","18",24,19,19,33,37,68,45,94,34,56,65,66,42,40,49,71,92,47,78,45,67,59,57,89,48,85
"90","2021.11.17.","2021","11","17",35,26,23,28,34,84,56,85,35,73,66,49,39,45,69,50,89,44,65,48,80,41,46,75,71,80
"91","2021.11.16.","2021","11","16",13,14,10,38,23,57,37,64,25,35,26,20,19,29,25,41,58,23,64,19,38,25,37,35,31,40
"92","2021.11.15.","2021","11","15",15,14,18,23,19,44,29,55,15,26,42,30,10,21,34,43,38,19,56,31,32,27,42,51,78,47
"93","2021.11.14.","2021","11","14",17,19,8,26,16,42,23,51,24,21,49,49,24,26,30,42,64,29,56,28,49,31,32,52,55,115
"94","2021.11.13.","2021","11","13",25,16,13,26,19,51,21,44,31,31,55,58,37,20,34,51,63,31,44,25,78,34,39,46,52,61
"95","2021.11.12.","2021","11","12",13,16,19,18,25,31,31,50,26,42,42,51,29,22,36,67,43,21,64,28,59,22,31,52,50,61
"96","2021.11.11.","2021","11","11",13,18,16,25,27,59,27,40,28,36,83,31,25,24,33,50,58,18,64,23,59,50,30,70,50,47
"97","2021.11.10.","2021","11","10",22,16,19,24,20,71,40,27,25,21,45,38,20,34,37,52,64,25,57,29,51,25,39,72,50,50
"98","2021.11.09.","2021","11","09",7,15,10,25,14,41,24,28,20,15,32,28,12,18,36,29,31,27,41,22,35,22,41,40,27,22
"99","2021.11.08.","2021","11","08",6,12,10,16,23,24,27,21,22,18,36,42,19,17,20,29,50,19,49,19,42,26,31,46,34,51
"100","2021.11.07.","2021","11","07",12,9,12,19,24,42,27,38,18,31,45,44,12,17,31,37,48,48,49,17,54,28,34,58,53,41
"101","2021.11.06.","2021","11","06",12,19,15,24,22,40,27,35,29,40,46,53,19,14,30,46,66,40,49,28,57,38,25,51,40,51
"102","2021.11.05.","2021","11","05",15,21,18,20,21,56,23,45,27,36,49,40,18,27,31,54,74,53,64,28,48,29,24,63,28,68
"103","2021.11.04.","2021","11","04",14,14,18,16,26,57,31,49,29,17,53,46,20,22,28,44,64,37,67,31,55,21,30,62,40,55
"104","2021.11.03.","2021","11","03",17,12,15,25,20,45,27,55,42,17,31,46,32,28,31,58,75,31,72,35,65,25,33,56,55,56
"105","2021.11.02.","2021","11","02",3,8,11,14,14,21,18,61,28,19,17,16,18,21,34,15,41,19,23,18,37,17,24,31,27,45
"106","2021.11.01.","2021","11","01",6,19,10,5,12,37,21,44,28,19,27,16,16,18,38,24,35,19,43,20,35,21,21,46,38,28
"107","2021.10.31.","2021","10","31",12,19,17,15,16,40,19,52,29,11,35,20,13,21,25,29,68,16,49,32,44,16,25,51,40,46
"108","2021.10.30.","2021","10","30",10,19,9,16,14,57,15,36,28,24,37,20,8,23,22,37,38,18,51,24,47,16,25,39,39,34
"109","2021.10.29.","2021","10","29",18,15,15,27,22,47,18,30,31,41,35,20,8,26,11,30,51,30,44,20,34,23,21,48,49,56
"110","2021.10.28.","2021","10","28",17,13,9,20,19,52,17,27,26,39,41,13,17,19,17,21,54,34,44,20,34,17,49,61,62,46
"111","2021.10.27.","2021","10","27",12,12,19,18,17,27,16,38,28,31,44,31,10,16,17,26,62,18,34,25,40,32,28,41,42,45
"112","2021.10.26.","2021","10","26",13,5,4,15,16,15,8,25,6,13,28,10,7,12,17,26,28,8,33,16,19,20,25,17,17,24
"113","2021.10.25.","2021","10","25",19,5,3,8,15,16,20,23,15,19,24,10,6,7,14,21,31,13,24,12,25,23,17,33,16,36
"114","2021.10.24.","2021","10","24",19,8,15,18,15,22,12,22,16,14,13,12,9,9,10,21,41,26,30,16,28,21,23,38,32,30
"115","2021.10.23.","2021","10","23",13,14,12,6,12,24,11,27,18,8,26,16,14,15,9,31,55,40,34,16,13,19,36,13,37,32
"116","2021.10.22.","2021","10","22",15,6,9,14,10,30,24,21,11,11,23,21,10,12,14,21,36,14,32,29,22,15,32,24,26,37
"117","2021.10.21.","2021","10","21",19,15,6,8,13,22,14,21,15,13,27,21,14,7,24,14,42,14,34,28,30,17,22,23,13,30
"118","2021.10.20.","2021","10","20",13,9,8,13,13,20,20,17,17,10,22,18,16,23,13,18,60,14,39,24,22,11,20,19,21,24
"119","2021.10.19.","2021","10","19",9,2,10,6,9,12,15,13,9,7,18,9,3,7,9,16,24,14,10,22,9,4,19,13,16,13
"120","2021.10.18.","2021","10","18",13,4,8,13,8,10,13,25,9,10,10,9,7,6,5,13,39,18,23,12,16,5,20,14,20,25
"121","2021.10.17.","2021","10","17",9,8,18,17,10,18,19,20,11,13,18,28,16,9,9,22,54,17,32,21,19,6,29,18,29,36
"122","2021.10.16.","2021","10","16",21,11,11,15,10,20,18,31,17,8,22,31,18,10,6,11,76,23,36,22,36,9,36,31,29,28
"123","2021.10.15.","2021","10","15",25,8,19,15,25,44,28,30,26,16,22,33,25,20,8,15,84,33,31,20,24,10,33,29,26,32
"124","2021.10.14.","2021","10","14",21,8,19,8,23,30,25,27,22,22,38,41,11,22,16,19,73,38,53,26,37,11,42,35,35,46
"125","2021.10.13.","2021","10","13",14,9,19,12,12,32,25,29,16,10,26,27,16,25,9,24,59,17,29,13,23,15,37,30,24,31
"126","2021.10.12.","2021","10","12",12,5,22,11,18,19,17,24,31,7,19,15,14,12,17,23,35,11,17,20,15,9,48,19,15,27
"127","2021.10.11.","2021","10","11",11,9,10,15,24,25,17,21,15,19,34,19,8,11,13,16,51,28,25,14,20,13,27,24,20,22
"128","2021.10.10.","2021","10","10",11,7,28,7,24,29,21,22,21,12,24,31,12,18,9,23,64,23,20,23,24,7,28,35,31,29
"129","2021.10.09.","2021","10","09",16,17,25,14,15,55,21,34,32,12,30,28,26,26,22,27,51,29,30,32,21,15,35,35,26,38
"130","2021.10.08.","2021","10","08",30,12,13,10,20,39,36,31,31,22,38,36,21,34,31,24,56,25,41,31,25,22,31,44,41,32
"131","2021.10.07.","2021","10","07",25,25,15,10,17,51,26,36,34,30,36,39,20,24,31,35,65,20,44,22,25,24,22,52,46,63
"132","2021.10.06.","2021","10","06",15,15,11,24,21,28,36,21,29,22,33,29,18,22,21,22,51,16,31,22,28,14,36,38,37,50
"133","2021.10.05.","2021","10","05",12,11,9,15,17,24,22,18,23,20,18,24,11,20,12,21,57,18,14,22,12,15,30,25,20,31
"134","2021.10.04.","2021","10","04",20,19,16,15,10,32,26,27,17,16,18,28,17,24,16,23,29,15,29,14,18,18,30,32,29,36
"135","2021.10.03.","2021","10","03",30,18,19,21,14,45,28,23,25,16,12,27,21,35,15,18,46,22,36,22,18,14,25,36,38,112
"136","2021.10.02.","2021","10","02",14,18,22,26,23,55,32,22,22,32,6,29,16,30,25,38,61,28,40,19,38,22,32,31,26,86
"137","2021.10.01.","2021","10","01",23,22,15,22,33,62,18,42,33,18,10,33,28,25,26,34,54,28,38,27,35,17,52,59,42,120
"138","2021.09.30.","2021","09","30",27,28,28,23,48,53,31,31,47,25,29,24,25,27,36,45,64,36,35,27,39,10,49,62,57,39
"139","2021.09.29.","2021","09","29",23,37,24,24,36,66,26,41,25,35,29,47,30,47,27,41,55,31,43,28,48,19,45,68,51,108
"140","2021.09.28.","2021","09","28",20,23,28,19,34,56,18,54,20,28,37,17,18,17,27,50,58,16,41,23,23,16,50,57,29,63
"141","2021.09.27.","2021","09","27",32,27,13,19,38,29,26,25,28,25,25,39,27,22,13,29,72,19,40,28,37,20,43,54,17,31
"142","2021.09.26.","2021","09","26",31,24,32,39,34,57,35,31,42,25,27,31,27,30,20,48,31,39,35,21,37,35,37,88,41,31
"143","2021.09.25.","2021","09","25",20,35,25,42,55,67,44,49,24,29,52,37,34,42,34,61,80,33,51,37,66,27,64,112,54,48
"144","2021.09.24.","2021","09","24",16,23,12,27,53,38,34,26,28,17,26,27,17,32,21,47,56,13,47,40,32,23,49,101,40,62
"145","2021.09.23.","2021","09","23",18,34,9,20,22,24,19,25,23,18,21,16,12,22,18,38,33,14,38,19,34,20,38,53,27,30
"146","2021.09.22.","2021","09","22",12,9,9,19,30,23,22,29,19,19,24,30,16,24,15,32,53,25,32,18,32,14,23,59,33,23
"147","2021.09.21.","2021","09","21",18,30,16,17,33,31,13,48,34,21,31,21,14,31,21,28,48,19,24,18,29,16,33,45,17,20
"148","2021.09.20.","2021","09","20",15,12,7,24,19,25,23,28,18,13,28,18,15,25,22,19,37,18,28,16,28,22,21,55,19,28
"149","2021.09.19.","2021","09","19",13,23,14,15,24,42,22,30,17,24,28,24,19,34,18,26,57,11,43,17,37,26,36,68,30,44
"150","2021.09.18.","2021","09","18",16,24,10,12,21,30,14,24,16,24,27,24,16,17,40,28,51,10,35,20,36,21,33,72,36,46
"151","2021.09.17.","2021","09","17",13,17,6,13,11,33,25,16,17,16,34,29,25,33,21,34,67,26,34,19,34,29,65,64,23,42
"152","2021.09.16.","2021","09","16",12,20,7,17,19,24,8,20,13,17,23,30,29,47,17,30,65,17,42,26,29,24,45,67,25,46
"153","2021.09.15.","2021","09","15",9,13,13,14,28,33,20,24,18,20,23,38,21,42,28,30,61,17,59,29,36,31,56,80,25,40
"154","2021.09.14.","2021","09","14",6,15,11,14,29,19,13,13,13,13,19,39,7,17,17,25,39,15,28,18,24,24,32,44,19,26
"155","2021.09.13.","2021","09","13",7,10,11,28,21,26,18,24,8,12,29,24,12,25,11,19,28,21,30,23,30,17,24,40,22,36
"156","2021.09.12.","2021","09","12",10,11,18,21,40,22,23,28,15,15,27,37,14,11,17,32,36,10,33,23,43,21,34,52,31,34
"157","2021.09.11.","2021","09","11",6,12,12,15,38,29,13,20,21,17,21,38,10,23,14,21,39,25,54,24,40,18,41,52,23,33
"158","2021.09.10.","2021","09","10",9,8,18,21,35,21,22,18,22,8,12,50,15,30,19,19,53,23,41,26,32,19,34,49,33,33
"159","2021.09.09.","2021","09","09",5,22,13,20,29,20,27,18,11,15,18,24,25,26,19,21,48,14,45,22,45,24,38,52,24,42
"160","2021.09.08.","2021","09","08",10,12,16,14,36,20,26,24,14,13,8,50,21,19,16,16,52,19,50,20,44,24,41,34,23,49
"161","2021.09.07.","2021","09","07",7,12,8,11,21,14,10,16,13,10,17,24,11,27,10,21,40,21,35,20,18,16,33,34,18,15
"162","2021.09.06.","2021","09","06",6,10,3,14,20,12,17,18,4,12,18,28,7,9,12,18,41,11,23,20,40,17,34,21,20,29
"163","2021.09.05.","2021","09","05",2,16,9,21,24,18,17,15,6,5,20,32,15,12,13,27,30,12,21,16,44,17,46,28,19,23
"164","2021.09.04.","2021","09","04",6,12,12,16,22,18,22,13,9,6,14,41,14,16,21,20,28,18,36,26,32,27,48,35,31,23
"165","2021.09.03.","2021","09","03",5,12,10,13,18,25,26,13,8,13,20,35,10,17,18,16,29,13,33,32,27,29,38,36,24,22
"166","2021.09.02.","2021","09","02",6,15,8,23,21,23,27,13,8,8,19,23,10,17,29,21,36,20,33,21,31,20,40,41,22,24
"167","2021.09.01.","2021","09","01",16,16,12,16,20,27,23,13,12,17,12,33,22,14,27,27,31,19,32,23,35,33,72,48,30,35
"168","2021.08.31.","2021","08","31",10,11,13,16,20,12,21,13,11,7,17,19,12,12,25,15,19,14,16,20,24,30,29,29,12,29
"169","2021.08.30.","2021","08","30",4,4,9,7,15,21,28,26,11,5,10,23,11,17,30,24,18,12,23,22,29,8,36,12,11,28
"170","2021.08.29.","2021","08","29",9,5,9,13,18,26,23,19,8,6,18,33,16,11,23,30,24,15,36,22,34,21,39,26,9,24
"171","2021.08.28.","2021","08","28",6,9,11,18,25,20,20,20,13,12,20,35,21,20,18,24,22,28,46,22,35,23,49,24,6,22
"172","2021.08.27.","2021","08","27",5,9,16,19,30,18,24,15,7,8,12,30,12,22,14,29,36,11,38,27,39,17,57,36,10,16
"173","2021.08.26.","2021","08","26",6,13,8,13,23,15,25,17,9,4,10,38,21,26,14,21,20,9,46,22,47,26,49,32,19,37
"174","2021.08.25.","2021","08","25",8,5,12,17,25,12,17,19,13,12,14,43,19,31,31,29,35,14,47,29,50,33,66,36,21,39
"175","2021.08.24.","2021","08","24",11,5,9,9,21,12,15,12,11,4,17,17,12,24,19,19,13,8,25,20,24,19,48,24,18,22
"176","2021.08.23.","2021","08","23",5,9,10,13,15,13,18,13,6,9,9,21,8,20,23,17,17,11,18,20,19,23,36,21,5,9
"177","2021.08.22.","2021","08","22",4,5,16,8,22,17,24,23,18,7,13,32,23,30,15,14,22,15,26,16,29,21,33,28,13,25
"178","2021.08.21.","2021","08","21",10,7,16,16,15,13,36,17,8,3,11,30,27,30,26,31,14,5,25,23,21,25,51,28,16,22
"179","2021.08.20.","2021","08","20",6,5,8,20,17,28,18,21,12,8,11,35,24,25,18,36,20,8,24,15,32,21,55,36,24,29
"180","2021.08.19.","2021","08","19",4,19,16,15,18,14,31,24,20,6,16,35,23,31,17,14,26,8,19,25,25,20,52,30,20,47
"181","2021.08.18.","2021","08","18",9,17,17,10,15,9,16,9,5,14,9,30,14,33,32,21,11,17,27,20,22,27,48,32,18,28
"182","2021.08.17.","2021","08","17",4,8,9,9,14,13,12,15,9,9,11,13,10,27,12,15,19,3,20,15,27,15,31,16,10,20
"183","2021.08.16.","2021","08","16",6,7,11,10,8,9,12,18,7,5,12,15,22,23,15,17,9,13,16,24,17,14,31,24,7,12
"184","2021.08.15.","2021","08","15",2,7,12,9,31,19,18,17,11,4,14,25,18,22,10,23,13,11,28,22,40,22,52,29,8,21
"185","2021.08.14.","2021","08","14",10,20,15,8,19,17,18,16,11,9,16,23,15,34,14,18,26,13,27,16,35,24,40,32,18,21
"186","2021.08.13.","2021","08","13",13,8,15,17,10,13,22,26,9,10,18,23,15,34,22,16,22,14,34,22,40,17,38,33,13,20
"187","2021.08.12.","2021","08","12",8,4,24,15,31,16,14,15,11,12,16,15,19,26,13,20,15,21,36,25,57,18,33,27,15,20
"188","2021.08.11.","2021","08","11",13,14,27,8,22,22,22,21,16,16,14,17,27,34,22,35,24,11,26,33,47,44,54,48,20,24
"189","2021.08.10.","2021","08","10",9,6,12,7,9,6,12,15,12,12,5,17,13,18,17,14,10,7,12,11,19,17,28,40,15,17
"190","2021.08.09.","2021","08","09",10,4,10,11,9,11,12,27,12,4,9,16,7,10,16,22,29,9,27,22,23,19,30,36,12,18
"191","2021.08.08.","2021","08","08",8,14,7,15,7,10,12,14,5,8,15,14,23,31,15,17,18,13,29,23,39,18,33,31,12,19
"192","2021.08.07.","2021","08","07",3,11,19,3,11,12,14,17,14,8,12,12,25,22,20,17,34,13,18,32,34,23,41,36,22,30
"193","2021.08.06.","2021","08","06",7,7,22,7,19,17,7,8,18,6,12,21,17,24,22,16,19,9,31,21,28,19,39,32,12,24
"194","2021.08.05.","2021","08","05",6,7,28,10,9,10,9,12,15,7,18,22,15,18,14,15,20,9,29,31,40,25,21,26,14,36
"195","2021.08.04.","2021","08","04",11,12,25,17,15,11,2,13,9,9,9,9,21,26,23,23,22,9,19,16,43,21,41,32,21,27
"196","2021.08.03.","2021","08","03",5,8,11,5,11,5,2,15,4,7,11,11,7,12,23,13,14,10,20,11,17,15,22,14,23,15
"197","2021.08.02.","2021","08","02",1,5,15,10,12,5,10,18,8,2,12,13,14,9,12,19,9,15,23,25,33,16,30,25,4,20
"198","2021.08.01.","2021","08","01",9,15,16,8,12,6,10,14,14,8,21,23,11,21,9,21,19,19,27,22,43,25,30,25,19,26
"199","2021.07.31.","2021","07","31",5,7,9,14,8,16,10,14,12,9,14,21,12,17,21,9,32,12,25,29,40,25,38,34,21,22
"200","2021.07.30.","2021","07","30",6,8,14,9,20,11,10,11,14,6,22,14,20,16,15,19,20,17,26,34,36,33,24,39,24,20
"201","2021.07.29.","2021","07","29",5,11,7,10,17,10,12,17,8,8,23,18,28,12,26,12,20,6,32,36,61,37,32,27,18,22
"202","2021.07.28.","2021","07","28",6,9,14,9,25,12,21,16,12,8,17,29,23,23,21,20,21,19,27,35,55,19,39,34,27,32
"203","2021.07.27.","2021","07","27",2,5,13,13,8,7,12,13,5,10,7,19,11,18,10,21,11,15,16,30,31,8,19,18,16,13
"204","2021.07.26.","2021","07","26",4,7,7,14,12,8,6,11,12,3,11,13,11,12,9,18,21,11,22,15,30,13,24,13,20,14
"205","2021.07.25.","2021","07","25",10,7,12,6,14,7,18,17,12,8,11,23,19,32,3,16,27,10,27,33,52,26,32,22,22,23
"206","2021.07.24.","2021","07","24",4,9,15,16,18,8,25,8,17,13,12,14,20,21,12,8,20,13,13,30,40,21,32,34,18,24
"207","2021.07.23.","2021","07","23",7,11,19,17,19,12,18,16,15,6,13,26,17,24,9,28,26,16,18,30,32,32,39,24,25,21
"208","2021.07.22.","2021","07","22",11,6,15,22,9,18,14,7,10,18,22,19,10,15,11,17,21,11,15,26,60,28,34,27,27,26
"209","2021.07.21.","2021","07","21",10,6,27,17,23,10,14,27,11,14,20,30,30,27,22,19,27,13,23,43,61,33,37,26,15,19
"210","2021.07.20.","2021","07","20",5,5,9,11,15,6,13,21,6,13,15,16,7,15,15,8,23,6,26,28,32,27,35,14,10,13
"211","2021.07.19.","2021","07","19",8,7,13,12,8,13,17,19,8,13,16,14,8,24,5,17,19,7,27,20,32,24,32,22,23,11
"212","2021.07.18.","2021","07","18",6,10,19,12,18,14,15,18,15,10,26,17,14,20,8,12,25,17,17,29,56,34,31,37,11,32
"213","2021.07.17.","2021","07","17",9,6,20,16,6,14,26,19,22,12,20,15,11,27,17,31,24,13,19,19,62,35,50,27,13,29
"214","2021.07.16.","2021","07","16",5,11,14,15,16,12,24,19,21,16,31,15,12,26,9,25,24,8,21,33,54,30,50,34,14,31
"215","2021.07.15.","2021","07","15",9,9,15,20,20,10,19,12,20,15,27,16,8,27,15,21,15,10,26,20,54,21,46,32,10,23
"216","2021.07.14.","2021","07","14",5,10,24,21,13,10,26,28,19,17,24,25,14,35,25,27,29,10,31,22,43,38,56,43,17,26
"217","2021.07.13.","2021","07","13",13,5,13,19,13,12,11,15,6,7,22,20,4,20,14,19,13,11,19,15,29,10,46,30,13,18
"218","2021.07.12.","2021","07","12",5,2,9,9,21,9,10,9,12,13,16,16,6,20,16,17,18,9,18,19,26,22,42,36,10,13
"219","2021.07.11.","2021","07","11",4,3,14,32,15,27,9,15,6,20,18,14,11,25,15,16,14,11,21,24,27,26,61,36,19,26
"220","2021.07.10.","2021","07","10",9,10,15,20,17,18,8,17,12,15,23,11,15,27,18,22,20,11,23,25,32,27,58,16,14,26
"221","2021.07.09.","2021","07","09",3,6,17,22,24,22,12,22,13,24,13,22,10,20,13,20,19,12,17,23,23,29,44,26,25,22
"222","2021.07.08.","2021","07","08",6,10,18,36,22,13,13,20,15,24,20,21,14,19,10,21,18,11,22,23,19,27,57,27,32,32
"223","2021.07.07.","2021","07","07",11,8,26,24,27,16,5,21,4,12,17,25,15,23,22,33,21,7,39,15,31,32,67,32,20,30
"224","2021.07.06.","2021","07","06",3,3,16,18,11,10,11,13,6,6,23,10,11,11,11,11,4,7,13,10,13,19,36,20,7,17
"225","2021.07.05.","2021","07","05",8,8,19,6,13,16,9,8,4,6,18,7,8,14,13,13,5,7,15,9,18,19,34,19,4,7
"226","2021.07.04.","2021","07","04",7,4,13,15,9,7,5,17,10,13,15,12,11,17,4,12,4,7,10,8,8,18,19,21,8,15
"227","2021.07.03.","2021","07","03",6,6,24,9,5,12,9,14,5,15,20,16,7,22,9,18,4,4,20,8,19,16,53,22,9,7
"228","2021.07.02.","2021","07","02",7,2,17,9,10,10,4,12,8,11,16,11,15,18,7,20,10,2,12,22,15,20,51,19,9,10
"229","2021.07.01.","2021","07","01",2,2,13,14,10,13,11,10,14,7,10,8,5,21,9,15,4,3,10,12,13,20,57,21,17,13
"230","2021.06.30.","2021","06","30",1,9,15,18,18,18,6,12,12,11,7,14,6,20,9,27,8,4,12,12,11,23,49,18,15,20
"231","2021.06.29.","2021","06","29",2,2,6,4,14,6,4,10,5,1,6,8,6,13,6,11,8,1,7,3,3,11,36,11,10,11
"232","2021.06.28.","2021","06","28",3,2,7,7,10,6,4,6,3,3,7,10,3,7,12,6,6,5,7,6,3,7,30,11,6,8
"233","2021.06.27.","2021","06","27",5,2,9,27,8,4,4,11,1,1,7,12,17,10,5,9,12,1,9,8,4,9,28,16,7,16
"234","2021.06.26.","2021","06","26",4,1,10,13,13,3,8,9,5,5,10,13,10,16,3,11,7,8,11,8,8,9,38,13,16,11
"235","2021.06.25.","2021","06","25",4,7,8,13,7,5,6,15,4,2,13,14,9,19,5,5,13,2,20,3,17,18,31,8,10,11
"236","2021.06.24.","2021","06","24",6,6,9,14,1,1,3,7,6,4,11,13,5,10,4,17,6,2,15,4,12,16,34,17,12,17
"237","2021.06.23.","2021","06","23",1,2,8,8,10,8,5,12,1,6,14,6,8,6,12,15,5,1,11,9,21,13,27,7,11,9
"238","2021.06.22.","2021","06","22",0,0,5,3,5,3,4,8,5,1,1,3,1,4,8,6,2,1,4,3,9,8,26,8,4,10
"239","2021.06.21.","2021","06","21",0,2,6,8,7,3,2,6,2,3,5,6,1,4,6,3,9,2,5,6,6,7,21,7,2,5
"240","2021.06.20.","2021","06","20",3,2,9,6,8,6,9,5,2,2,10,8,3,7,7,7,8,6,22,9,4,8,18,17,2,9
"241","2021.06.19.","2021","06","19",3,2,9,6,8,6,9,5,2,2,10,8,3,7,7,7,8,6,22,9,4,8,18,17,2,9
"242","2021.06.18.","2021","06","18",2,2,14,6,7,8,3,11,1,1,14,3,1,8,7,3,5,2,10,8,13,13,19,16,9,14
"243","2021.06.17.","2021","06","17",1,5,13,6,7,9,9,8,2,7,6,2,1,11,4,6,3,3,6,8,18,14,30,12,4,6
"244","2021.06.16.","2021","06","16",1,2,11,10,14,9,6,1,10,4,1,7,4,8,3,5,6,3,8,2,12,16,31,14,8,5
"245","2021.06.15.","2021","06","15",2,2,2,3,2,8,4,1,5,3,6,0,2,5,5,4,2,1,3,5,4,8,24,14,11,6
"246","2021.06.14.","2021","06","14",3,2,9,4,8,7,3,5,2,1,3,5,1,6,2,1,2,2,4,2,7,8,17,7,7,4
"247","2021.06.13.","2021","06","13",1,1,6,4,6,14,3,4,4,4,6,5,10,7,5,1,3,5,6,5,3,9,27,19,5,13
"248","2021.06.12.","2021","06","12",2,2,8,9,10,10,4,5,11,1,11,7,8,7,9,5,3,4,4,6,19,12,18,14,5,14
"249","2021.06.11.","2021","06","11",4,8,14,3,5,10,2,11,13,2,9,8,6,7,11,1,8,2,6,2,10,8,24,11,10,9
"250","2021.06.10.","2021","06","10",5,5,11,6,6,6,6,5,6,4,7,6,8,3,3,9,6,2,12,11,5,15,32,15,7,12
"251","2021.06.09.","2021","06","09",1,2,10,5,4,3,3,2,0,3,5,11,3,10,5,5,4,3,16,8,8,11,26,14,6,15
"252","2021.06.08.","2021","06","08",1,2,9,4,5,2,4,8,3,2,5,4,1,5,5,7,6,4,8,4,3,9,14,9,10,5
"253","2021.06.07.","2021","06","07",2,5,9,4,2,5,5,6,5,1,3,4,3,4,4,4,4,4,8,12,15,8,10,17,9,6
"254","2021.06.06.","2021","06","06",1,4,4,6,3,4,6,7,3,1,12,8,5,8,5,7,2,6,6,13,9,10,18,17,7,7
"255","2021.06.05.","2021","06","05",2,7,2,7,13,6,10,16,10,3,23,8,3,5,10,2,7,2,15,12,7,19,22,26,16,24
"256","2021.06.04.","2021","06","04",1,2,5,7,12,7,7,9,2,5,8,6,6,9,4,4,3,5,3,16,8,7,16,28,20,6
"257","2021.06.03.","2021","06","03",2,2,8,3,6,7,8,8,10,6,9,4,9,13,8,11,1,5,6,10,7,7,20,17,17,11
"258","2021.06.02.","2021","06","02",1,2,6,9,8,7,25,9,13,11,8,8,8,7,4,5,2,9,4,11,6,18,25,17,14,21
"259","2021.06.01.","2021","06","01",0,1,0,2,5,3,6,13,16,7,11,5,5,3,3,6,4,4,3,3,2,8,20,8,4,5
"260","2021.05.31.","2021","05","31",0,1,2,7,2,5,12,4,7,2,8,0,3,8,5,6,2,8,5,4,4,3,14,10,7,1
"261","2021.05.30.","2021","05","30",3,0,4,5,6,7,4,11,6,5,12,2,13,5,5,6,5,5,1,4,5,5,16,16,6,3
"262","2021.05.29.","2021","05","29",1,2,15,6,10,3,13,6,4,5,10,2,7,10,1,3,6,4,6,3,3,12,15,28,7,12
"263","2021.05.28.","2021","05","28",2,7,10,7,3,8,7,5,8,6,12,9,9,8,8,9,13,7,10,4,4,10,14,15,6,13
"264","2021.05.27.","2021","05","27",4,0,6,8,7,4,13,7,6,2,11,9,11,9,4,4,5,2,8,6,7,17,19,22,16,11
"265","2021.05.26.","2021","05","26",5,4,12,11,11,1,13,10,14,8,14,3,15,5,5,7,8,8,16,7,9,21,17,17,17,4
"266","2021.05.25.","2021","05","25",0,1,7,3,0,4,10,9,4,5,7,6,5,3,0,2,6,10,2,3,2,9,10,14,14,2
"267","2021.05.24.","2021","05","24",1,2,2,7,8,8,5,4,3,3,10,3,5,1,1,2,2,1,5,9,5,3,12,16,13,8
"268","2021.05.23.","2021","05","23",3,2,5,2,11,2,6,8,6,2,12,7,6,6,1,4,6,6,7,10,9,4,9,26,17,4
"269","2021.05.22.","2021","05","22",3,5,5,6,15,7,10,6,5,6,12,11,6,10,6,9,1,6,8,5,4,9,15,18,10,10
"270","2021.05.21.","2021","05","21",0,1,5,4,10,7,10,5,8,2,13,5,4,8,7,5,3,6,8,4,4,3,12,20,10,8
"271","2021.05.20.","2021","05","20",3,4,3,5,7,19,7,14,2,7,11,7,11,3,5,13,11,7,12,7,11,6,25,24,13,5
"272","2021.05.19.","2021","05","19",6,5,3,5,5,5,10,8,7,9,10,8,5,11,10,10,12,5,12,11,9,9,32,17,13,12
"273","2021.05.18.","2021","05","18",4,2,4,2,9,7,3,8,14,9,9,7,1,3,4,5,7,2,8,4,6,6,15,12,12,9
"274","2021.05.17.","2021","05","17",2,1,2,6,10,8,8,11,8,7,14,4,9,6,7,3,14,1,7,13,7,3,13,12,17,2
"275","2021.05.16.","2021","05","16",6,4,2,3,8,6,12,14,8,10,14,7,10,2,8,7,5,4,11,6,7,6,29,7,9,8
"276","2021.05.15.","2021","05","15",5,1,7,3,3,9,17,12,16,17,19,8,3,7,2,8,14,7,17,8,13,9,16,13,6,14
"277","2021.05.14.","2021","05","14",1,2,4,7,2,8,7,10,19,12,20,3,5,6,4,8,6,4,8,8,17,15,11,18,12,14
"278","2021.05.13.","2021","05","13",7,1,6,10,6,11,14,4,11,9,20,8,2,10,7,5,7,4,9,5,9,12,18,11,16,5
"279","2021.05.12.","2021","05","12",1,5,7,2,5,7,9,12,9,8,10,8,7,0,12,7,11,9,12,7,15,14,20,8,7,11
"280","2021.05.12.","2021","05","12",1,5,7,2,5,7,9,12,9,8,10,8,7,0,12,7,11,9,12,7,15,14,20,8,7,11
"281","2021.05.11.","2021","05","11",0,2,4,7,7,11,9,7,13,7,10,7,3,3,7,6,3,4,7,10,3,6,13,5,5,4
"282","2021.05.10.","2021","05","10",0,2,3,7,7,8,8,10,4,4,7,11,0,4,9,4,1,0,1,6,7,6,13,7,9,3
"283","2021.05.09.","2021","05","09",3,4,1,7,8,6,4,16,8,13,16,8,3,10,8,5,4,5,4,13,3,8,17,8,5,8
"284","2021.05.08.","2021","05","08",1,6,3,8,7,13,3,14,15,11,14,15,10,5,6,11,2,3,5,7,4,6,38,13,12,10
"285","2021.05.07.","2021","05","07",0,1,3,9,6,4,7,3,14,12,7,15,3,2,3,3,13,4,11,3,11,6,11,13,6,9
"286","2021.05.06.","2021","05","06",2,9,10,7,10,8,11,6,8,19,6,7,5,2,5,7,4,4,10,4,8,14,19,12,6,9
"287","2021.05.05.","2021","05","05",2,4,9,3,11,19,11,12,6,6,11,10,4,12,7,5,2,3,12,15,10,10,16,17,8,13
"288","2021.05.04.","2021","05","04",3,2,4,5,10,10,9,6,10,2,4,15,3,2,4,7,5,3,6,9,11,5,18,9,15,7
"289","2021.05.03.","2021","05","03",1,3,4,2,6,6,7,6,4,4,13,8,2,5,3,5,0,2,3,9,2,8,12,7,3,2
"290","2021.05.02.","2021","05","02",3,3,6,6,1,11,10,4,1,5,8,4,6,1,5,7,2,8,6,4,15,13,19,13,11,10
"291","2021.05.01.","2021","05","01",7,2,8,0,3,14,7,8,3,5,10,12,1,7,5,9,3,2,14,11,13,10,12,12,9,8
"292","2021.04.30.","2021","04","30",3,0,6,5,6,7,7,6,7,7,6,18,5,4,10,5,7,0,9,14,22,12,22,16,8,15
"293","2021.04.29.","2021","04","29",3,5,8,11,10,24,14,6,6,7,10,10,1,9,6,6,6,4,7,5,9,7,19,15,8,11
"294","2021.04.28.","2021","04","28",2,2,5,6,10,14,19,6,3,12,12,12,4,10,4,8,4,7,9,15,14,10,28,16,13,14
"295","2021.04.27.","2021","04","27",1,1,2,3,5,9,6,1,0,5,3,7,0,4,3,6,2,0,3,5,5,3,15,9,13,5
"296","2021.04.26.","2021","04","26",3,1,5,8,8,5,10,1,4,10,6,7,3,3,4,3,3,3,8,5,8,7,12,17,5,5
"297","2021.04.25.","2021","04","25",2,3,4,8,7,7,6,4,7,6,10,6,3,6,7,9,6,6,4,11,8,8,11,10,9,7
"298","2021.04.24.","2021","04","24",2,7,4,9,19,13,13,3,3,2,13,9,5,10,8,16,4,0,8,11,5,18,21,14,20,16
"299","2021.04.23.","2021","04","23",4,1,3,12,16,7,14,8,13,7,9,6,1,2,7,9,1,4,11,3,10,9,14,11,12,10
"300","2021.04.22.","2021","04","22",4,3,2,8,8,14,11,6,12,20,13,7,4,6,6,5,3,7,10,5,14,11,18,14,6,13
"301","2021.04.21.","2021","04","21",4,8,4,8,8,16,12,6,9,7,9,11,6,9,8,4,7,3,6,8,8,10,11,20,9,7
"302","2021.04.20.","2021","04","20",2,2,1,4,7,10,8,9,7,6,6,15,3,4,6,4,4,1,2,1,9,10,10,7,4,6
"303","2021.04.19.","2021","04","19",1,0,4,4,8,7,10,6,4,4,6,7,3,4,6,5,2,2,2,11,6,14,7,10,2,2
"304","2021.04.18.","2021","04","18",3,5,3,8,9,6,7,11,5,0,8,10,5,6,9,12,6,4,6,12,11,9,15,10,14,11
"305","2021.04.17.","2021","04","17",0,5,3,9,10,6,11,5,5,3,6,11,1,7,3,8,7,4,8,10,10,9,27,12,16,21
"306","2021.04.16.","2021","04","16",0,1,3,7,6,8,5,8,3,8,14,20,7,7,4,5,10,9,11,9,9,12,20,16,9,5
"307","2021.04.15.","2021","04","15",1,1,2,5,11,5,21,9,2,2,11,9,8,7,5,11,6,4,14,1,12,12,21,19,8,10
"308","2021.04.14.","2021","04","14",2,3,4,5,11,13,17,5,7,7,8,14,6,8,5,6,3,5,7,8,22,14,18,28,12,9
"309","2021.04.13.","2021","04","13",4,1,3,7,16,3,3,7,4,10,5,7,4,2,8,5,2,1,6,13,8,11,11,4,7,6
"310","2021.04.12.","2021","04","12",0,2,3,5,17,5,8,10,1,9,9,9,0,4,5,3,1,1,6,9,8,14,8,10,7,8
"311","2021.04.11.","2021","04","11",3,0,7,0,3,14,16,14,0,4,6,9,4,7,20,12,4,3,4,16,6,21,12,13,3,13
"312","2021.04.10.","2021","04","10",2,4,4,4,7,11,13,9,1,13,6,13,5,7,8,6,3,3,7,12,7,9,16,9,12,10
"313","2021.04.09.","2021","04","09",0,4,4,9,4,14,20,11,1,4,14,16,3,4,3,13,6,2,8,8,10,14,8,13,3,19
"314","2021.04.08.","2021","04","08",4,3,1,7,2,10,18,10,3,4,17,14,4,2,3,9,5,0,10,13,10,37,20,11,11,16
"315","2021.04.07.","2021","04","07",6,2,3,7,7,8,13,11,5,3,6,23,2,2,1,9,8,6,9,12,12,9,10,9,10,5
"316","2021.04.06.","2021","04","06",0,0,0,5,8,7,7,7,2,4,4,17,3,3,2,4,7,1,1,13,12,12,5,12,5,6
"317","2021.04.05.","2021","04","05",1,1,2,8,7,2,9,4,4,2,8,5,3,5,4,5,8,0,3,9,21,18,4,10,3,6
"318","2021.04.04.","2021","04","04",0,2,2,6,5,1,7,6,1,4,8,10,1,5,2,6,3,0,4,13,16,10,8,11,6,12
"319","2021.04.03.","2021","04","03",1,1,2,2,5,1,9,4,7,2,8,18,4,8,7,4,5,2,5,4,7,11,11,9,1,15
"320","2021.04.02.","2021","04","02",3,1,8,2,4,4,13,8,1,2,9,9,2,10,6,9,5,2,9,7,3,7,15,15,6,8
"321","2021.04.01.","2021","04","01",1,3,4,8,3,5,13,5,6,5,8,13,4,4,6,11,5,3,6,10,8,8,21,20,8,11
"322","2021.03.31.","2021","03","31",5,3,6,6,7,2,9,1,10,5,1,12,2,5,4,5,10,2,4,7,13,7,7,9,4,12
"323","2021.03.30.","2021","03","30",7,4,1,6,8,2,22,2,5,2,3,5,5,5,3,9,9,1,2,9,3,11,2,4,6,9
"324","2021.03.29.","2021","03","29",3,1,2,6,5,3,7,2,6,2,3,4,6,4,0,4,1,1,3,3,3,5,8,6,9,9
"325","2021.03.28.","2021","03","28",2,2,3,4,6,4,8,8,5,2,7,1,2,9,1,2,13,1,5,5,4,9,8,7,12,9
"326","2021.03.27.","2021","03","27",0,4,2,4,5,4,3,5,4,3,5,3,1,7,9,6,4,1,2,8,8,7,8,7,6,9
"327","2021.03.26.","2021","03","26",1,2,4,3,3,3,4,6,8,0,6,4,4,4,5,5,2,0,5,8,8,13,7,2,10,7
"328","2021.03.25.","2021","03","25",0,4,1,2,4,4,2,3,3,5,18,8,1,2,2,8,1,2,5,3,4,7,13,3,6,14
"329","2021.03.24.","2021","03","24",5,4,4,4,3,3,9,4,4,2,9,9,4,5,6,3,6,0,4,7,11,1,7,2,13,10
"330","2021.03.23.","2021","03","23",0,4,5,4,3,1,1,4,4,2,2,9,1,2,4,3,5,1,3,6,3,2,13,7,5,3
"331","2021.03.22.","2021","03","22",2,2,7,2,4,0,2,7,3,1,12,3,3,3,2,3,4,1,1,4,4,2,10,12,6,8
"332","2021.03.21.","2021","03","21",2,4,7,6,8,7,3,6,3,6,7,5,0,2,1,5,4,0,3,12,5,4,6,6,6,6
"333","2021.03.20.","2021","03","20",1,3,10,8,13,6,6,5,3,3,4,4,0,1,4,5,1,2,6,2,4,3,2,7,12,3
"334","2021.03.19.","2021","03","19",3,5,1,10,17,7,8,6,6,1,5,6,2,2,7,4,1,0,4,2,3,4,12,8,15,7
"335","2021.03.18.","2021","03","18",3,5,7,6,7,4,8,3,7,3,6,3,1,2,1,3,3,0,4,3,6,7,13,3,8,7
"336","2021.03.17.","2021","03","17",3,3,8,6,9,2,7,4,1,1,4,11,1,3,3,2,6,1,3,7,3,1,4,9,10,7
"337","2021.03.16.","2021","03","16",2,0,4,3,10,0,7,0,4,1,5,5,1,3,3,5,1,0,1,6,0,3,4,6,3,3
"338","2021.03.15.","2021","03","15",3,3,4,2,5,1,4,5,1,3,6,1,4,2,8,4,3,0,4,12,7,2,2,9,6,8
"339","2021.03.14.","2021","03","14",2,3,6,2,8,2,13,2,2,6,6,3,2,4,3,7,1,1,0,4,5,5,6,7,7,5
"340","2021.03.13.","2021","03","13",1,3,6,7,8,4,5,3,2,9,6,7,7,1,7,8,6,1,1,6,5,8,6,9,7,7
"341","2021.03.12.","2021","03","12",2,3,1,6,7,4,6,2,2,10,10,13,1,2,4,6,3,1,2,5,2,9,9,8,14,8
"342","2021.03.11.","2021","03","11",2,3,5,3,25,7,7,4,5,1,7,10,2,1,4,2,8,0,2,0,3,5,8,10,7,6
"343","2021.03.10.","2021","03","10",2,1,9,3,18,5,5,4,5,7,4,14,4,2,4,3,6,3,6,0,1,7,6,6,5,9
"344","2021.03.09.","2021","03","09",1,1,9,1,4,1,5,0,5,2,2,13,0,1,4,3,7,1,11,1,2,5,6,4,7,6
"345","2021.03.08.","2021","03","08",0,1,2,4,10,1,7,6,1,5,7,7,0,1,4,2,1,0,4,1,2,2,3,10,11,8
"346","2021.03.07.","2021","03","07",0,2,3,2,14,5,4,3,1,8,12,7,0,7,5,1,3,1,6,11,2,3,5,3,10,13
"347","2021.03.06.","2021","03","06",4,2,1,9,4,6,2,5,3,5,13,10,4,4,5,1,4,0,5,3,3,4,11,6,3,10
"348","2021.03.05.","2021","03","05",1,1,1,3,9,4,13,4,8,6,12,10,2,2,0,2,0,1,7,6,5,2,9,6,8,9
"349","2021.03.04.","2021","03","04",2,2,3,4,8,10,3,8,0,5,6,11,4,3,0,4,3,0,2,8,1,4,10,3,12,5
"350","2021.03.03.","2021","03","03",0,2,0,7,10,4,4,12,4,3,5,15,0,6,3,4,2,0,5,6,0,3,8,4,7,4
"351","2021.03.02.","2021","03","02",2,1,4,4,8,4,1,8,4,3,10,7,0,5,4,5,3,1,3,10,1,9,8,5,11,5
"352","2021.03.01.","2021","03","01",2,1,5,2,3,4,3,5,3,1,9,3,0,1,4,1,2,2,14,7,2,4,1,3,3,7
"353","2021.02.28.","2021","02","28",0,3,5,3,2,13,3,4,4,6,4,1,1,1,3,1,9,3,7,1,14,2,2,1,7,19
"354","2021.02.27.","2021","02","27",0,3,7,1,15,13,6,2,3,6,6,9,3,3,1,3,11,2,4,2,7,1,5,6,3,5
"355","2021.02.26.","2021","02","26",2,3,8,1,11,4,4,9,2,6,3,3,1,5,7,5,5,6,5,9,6,3,1,5,4,12
"356","2021.02.25.","2021","02","25",0,6,8,2,2,2,4,8,0,4,4,1,1,4,5,3,14,2,8,5,5,6,8,6,2,9
"357","2021.02.24.","2021","02","24",1,6,6,2,13,2,5,8,2,6,8,7,7,5,8,4,6,3,7,5,5,3,6,2,2,15
"358","2021.02.23.","2021","02","23",0,2,5,6,4,2,4,7,4,6,9,5,7,1,8,3,1,3,0,2,5,6,6,4,5,12
"359","2021.02.22.","2021","02","22",2,1,4,7,7,1,2,10,2,2,8,1,3,1,11,6,2,1,5,5,5,5,7,5,5,5
"360","2021.02.21.","2021","02","21",0,2,5,2,8,7,5,4,5,1,7,5,4,4,6,3,7,2,5,6,7,6,2,7,1,13
"361","2021.02.20.","2021","02","20",0,2,10,4,8,3,0,4,3,7,3,5,2,0,14,3,5,2,9,7,2,3,5,13,4,13
"362","2021.02.19.","2021","02","19",3,0,10,4,10,6,3,16,6,7,5,9,7,1,4,4,16,2,9,5,7,2,5,15,6,12
"363","2021.02.18.","2021","02","18",1,8,14,6,5,2,6,20,2,3,9,9,2,5,6,5,9,1,6,8,13,9,5,12,8,14
"364","2021.02.17.","2021","02","17",0,4,28,13,5,9,7,6,4,8,11,10,7,9,7,4,10,5,10,15,18,8,7,21,9,23
"365","2021.02.16.","2021","02","16",1,7,11,4,0,7,2,2,7,7,13,4,2,7,5,5,16,2,9,7,7,4,4,6,4,18
"366","2021.02.15.","2021","02","15",2,6,8,2,2,4,1,10,3,3,2,6,1,4,5,3,14,1,12,5,5,3,4,9,13,21
"367","2021.02.14.","2021","02","14",2,1,14,6,0,4,10,1,3,3,6,10,2,4,4,2,18,2,9,4,2,1,3,9,1,30
"368","2021.02.13.","2021","02","13",3,2,7,3,7,4,9,10,1,2,6,4,3,1,4,3,12,2,7,5,8,4,1,9,7,7
"369","2021.02.12.","2021","02","12",1,1,5,7,7,6,5,9,6,3,10,10,1,4,3,1,27,3,5,7,6,2,1,8,18,7
"370","2021.02.11.","2021","02","11",1,7,9,8,5,12,7,7,9,6,3,7,3,2,3,3,17,2,8,9,10,3,2,11,13,17
"371","2021.02.10.","2021","02","10",3,9,14,3,6,4,11,6,3,6,4,12,4,5,6,6,6,3,9,2,5,6,6,5,10,21
"372","2021.02.09.","2021","02","09",5,0,5,2,2,5,2,3,7,6,5,2,3,2,3,2,2,1,3,6,4,4,3,1,1,12
"373","2021.02.08.","2021","02","08",4,1,7,3,3,3,7,4,4,6,5,4,2,7,3,1,4,4,4,4,4,4,4,6,2,11
"374","2021.02.07.","2021","02","07",2,1,8,4,5,3,2,10,2,12,12,10,7,2,4,3,3,3,4,6,7,1,2,8,4,18
"375","2021.02.06.","2021","02","06",1,2,8,5,3,2,9,13,6,4,9,5,5,4,5,7,3,1,3,4,6,4,7,7,4,18
"376","2021.02.05.","2021","02","05",1,3,9,5,5,4,17,7,6,4,8,4,6,1,1,4,2,3,2,4,4,4,1,1,1,18
"377","2021.02.04.","2021","02","04",2,4,6,3,6,6,19,9,9,6,8,2,4,5,9,4,7,3,4,4,4,6,6,12,6,16
"378","2021.02.03.","2021","02","03",2,3,4,8,5,15,9,7,11,6,5,8,4,4,1,3,5,3,9,8,11,3,8,13,10,25
"379","2021.02.02.","2021","02","02",3,0,6,3,6,14,5,7,7,3,4,1,6,7,0,4,4,2,4,3,5,2,6,4,6,14
"380","2021.02.01.","2021","02","01",0,1,4,2,1,21,3,5,2,1,8,0,0,3,2,4,2,4,5,2,4,6,7,4,2,16
"381","2021.01.31.","2021","01","31",1,1,5,2,0,5,5,6,1,7,5,2,3,1,1,3,5,0,4,10,4,3,7,5,7,7
"382","2021.01.30.","2021","01","30",1,3,4,13,2,6,9,15,2,4,10,5,1,1,4,4,4,1,2,2,9,2,9,4,7,28
"383","2021.01.29.","2021","01","29",1,6,3,1,2,4,3,2,1,3,4,2,4,3,5,3,4,4,6,4,7,2,10,11,2,16
"384","2021.01.28.","2021","01","28",2,3,3,2,6,4,3,2,1,7,2,8,1,4,2,4,6,3,4,0,7,4,0,4,4,18
"385","2021.01.27.","2021","01","27",2,5,5,7,3,9,5,6,7,4,8,4,4,3,3,5,11,1,2,2,6,4,5,6,2,11
"386","2021.01.26.","2021","01","26",6,4,2,0,1,9,2,6,4,8,11,3,0,2,2,3,3,0,4,5,5,5,4,2,5,5
"387","2021.01.25.","2021","01","25",4,5,2,1,3,7,2,9,5,0,4,5,2,4,1,8,2,0,4,4,10,4,2,1,7,5
"388","2021.01.24.","2021","01","24",5,4,3,0,1,11,7,2,2,11,10,3,5,6,2,7,5,0,5,1,4,5,13,5,1,14
"389","2021.01.23.","2021","01","23",1,3,2,7,4,3,11,3,3,2,3,5,4,7,7,11,1,1,4,7,5,4,8,9,7,6
"390","2021.01.22.","2021","01","22",2,3,0,3,1,0,8,3,2,3,8,4,2,4,7,4,2,2,6,7,2,8,11,7,4,9
"391","2021.01.21.","2021","01","21",3,1,4,10,3,4,4,1,1,3,12,5,4,6,15,4,6,1,3,4,1,3,8,3,3,11
"392","2021.01.20.","2021","01","20",3,1,3,5,3,4,13,7,2,11,6,2,3,6,11,8,4,0,6,2,6,6,8,4,4,17
"393","2021.01.19.","2021","01","19",1,4,4,1,2,6,5,4,4,4,1,2,4,2,9,4,9,1,1,4,2,1,7,10,3,7
"394","2021.01.18.","2021","01","18",3,2,4,12,3,11,2,5,6,4,5,3,7,6,6,3,2,5,5,5,2,7,5,6,4,6
"395","2021.01.17.","2021","01","17",4,2,2,5,3,13,5,7,2,1,8,11,5,1,11,9,10,5,2,5,7,4,7,5,1,10
"396","2021.01.16.","2021","01","16",1,1,7,8,4,7,7,12,4,4,6,7,1,4,4,5,3,2,3,9,4,5,7,11,7,21
"397","2021.01.15.","2021","01","15",2,1,5,2,6,9,7,1,3,6,4,6,3,8,2,2,8,4,5,6,4,1,3,5,10,7
"398","2021.01.14.","2021","01","14",4,6,7,0,3,9,5,7,8,3,2,4,4,12,2,7,3,2,6,4,4,5,6,6,3,16
"399","2021.01.13.","2021","01","13",1,4,1,4,3,6,6,8,4,9,10,5,1,5,7,14,1,2,4,7,6,1,9,12,4,14
"400","2021.01.12.","2021","01","12",6,3,3,7,2,13,11,2,6,8,11,12,2,9,6,3,8,0,1,7,6,4,9,4,11,13
"401","2021.01.11.","2021","01","11",4,0,2,4,5,13,6,2,2,6,8,8,6,3,6,3,3,2,4,10,2,2,7,10,7,15
"402","2021.01.10.","2021","01","10",9,0,1,3,7,5,7,7,6,5,5,9,12,3,12,3,8,1,9,7,8,4,9,10,10,26
"403","2021.01.09.","2021","01","09",4,0,2,1,6,7,4,6,8,6,2,12,7,9,12,7,4,1,15,9,9,7,10,15,4,20
"404","2021.01.08.","2021","01","08",2,3,8,4,2,4,9,16,3,8,5,7,11,7,9,9,9,4,10,4,5,4,8,16,9,15
"405","2021.01.07.","2021","01","07",5,3,2,4,16,5,10,17,15,6,8,16,14,6,12,14,8,6,8,4,5,7,13,7,10,77
"406","2021.01.06.","2021","01","06",12,1,5,5,5,10,7,14,8,12,13,12,11,5,14,21,19,3,8,9,7,12,7,21,1,18
"407","2021.01.05.","2021","01","05",4,1,4,4,6,13,11,7,16,4,6,7,6,5,9,4,9,7,11,8,6,2,10,11,11,12
"408","2021.01.04.","2021","01","04",4,2,1,9,9,6,14,8,14,10,11,3,3,7,10,15,9,5,14,10,6,4,11,8,8,130
"409","2021.01.03.","2021","01","03",4,0,3,0,5,5,3,8,19,5,10,5,4,6,23,9,8,4,8,6,4,9,3,12,12,16
"410","2021.01.02.","2021","01","02",10,1,7,10,2,6,8,10,14,6,11,13,10,6,7,13,3,1,15,36,6,8,3,8,10,24
"411","2021.01.01.","2021","01","01",11,1,2,7,7,8,20,8,13,12,8,11,8,8,12,7,7,6,15,17,12,5,6,14,5,133
"412","2020.12.31.","2020","12","31",13,3,1,7,17,11,20,14,7,7,15,9,11,11,24,12,15,11,10,15,27,9,9,17,7,57
"413","2020.12.30.","2020","12","30",4,6,9,8,13,12,28,21,13,8,17,17,7,5,18,16,13,14,9,18,25,17,15,20,6,49
"414","2020.12.29.","2020","12","29",10,5,2,2,4,6,36,14,10,7,15,10,5,9,14,11,9,4,7,12,26,13,10,17,3,262
"415","2020.12.28.","2020","12","28",7,6,6,13,8,9,25,10,10,7,17,17,4,10,17,8,8,10,5,10,7,11,20,17,14,25
"416","2020.12.27.","2020","12","27",12,7,5,9,5,12,16,12,6,12,8,9,2,15,18,22,20,10,5,6,22,11,16,23,5,55
"417","2020.12.26.","2020","12","26",7,3,8,4,5,16,22,11,8,22,16,31,6,11,33,34,40,12,19,12,16,11,10,25,13,35
"418","2020.12.25.","2020","12","25",9,5,14,3,13,8,8,14,7,5,8,18,7,21,15,20,4,4,7,19,16,7,9,14,8,305
"419","2020.12.24.","2020","12","24",9,4,9,6,13,12,14,10,9,11,11,14,9,24,12,34,16,6,13,14,17,7,7,26,5,36
"420","2020.12.23.","2020","12","23",14,5,6,9,18,10,14,15,8,3,18,24,9,29,23,22,6,9,18,11,18,8,13,22,7,37
"421","2020.12.22.","2020","12","22",15,11,9,6,9,10,19,17,7,11,32,9,13,13,9,18,17,6,13,8,15,10,12,7,4,31
"422","2020.12.21.","2020","12","21",29,8,8,9,5,12,18,12,8,7,8,12,13,12,12,16,18,13,15,14,17,21,15,13,5,13
"423","2020.12.20.","2020","12","20",20,5,3,7,4,10,11,8,11,7,9,17,10,16,8,30,17,2,13,7,12,6,18,4,7,33
"424","2020.12.19.","2020","12","19",33,8,7,6,14,20,21,14,4,7,11,18,6,10,8,29,13,7,23,12,13,12,12,21,12,37
"425","2020.12.18.","2020","12","18",16,7,1,6,13,32,18,20,16,2,16,15,15,14,11,28,22,5,29,4,16,15,14,29,17,207
"426","2020.12.17.","2020","12","17",9,9,10,21,7,14,14,9,17,7,8,5,11,31,18,24,15,9,36,23,16,14,16,24,20,40
"427","2020.12.16.","2020","12","16",10,11,4,15,12,15,12,16,14,13,12,20,10,19,15,23,11,11,26,13,9,11,14,21,18,27
"428","2020.12.15.","2020","12","15",2,7,2,5,8,7,4,8,12,7,7,14,10,8,6,31,9,4,7,18,16,5,18,13,9,12
"429","2020.12.14.","2020","12","14",3,4,4,8,12,6,8,11,7,8,9,7,3,9,8,33,2,8,0,4,13,5,12,8,21,6
"430","2020.12.13.","2020","12","13",7,2,10,14,9,14,21,17,4,13,3,14,14,16,17,44,8,10,12,19,21,13,14,28,18,30
"431","2020.12.12.","2020","12","12",4,6,2,12,8,6,13,16,10,11,6,13,8,13,14,81,8,8,14,22,12,15,24,11,12,15
"432","2020.12.11.","2020","12","11",2,4,8,9,6,9,16,7,3,4,5,11,7,8,16,29,9,3,12,19,15,11,15,8,12,12
"433","2020.12.10.","2020","12","10",3,5,6,6,8,11,10,6,8,5,12,12,9,12,6,12,6,5,18,11,13,9,21,12,9,17
"434","2020.12.09.","2020","12","09",3,7,5,1,6,12,19,5,5,8,7,15,10,9,14,24,12,1,6,13,19,9,16,10,12,11
"435","2020.12.08.","2020","12","08",4,6,7,6,7,3,21,5,4,3,8,11,4,11,10,21,11,3,4,12,18,11,10,2,11,17
"436","2020.12.07.","2020","12","07",4,5,8,0,12,7,14,4,8,6,9,13,8,8,9,11,6,4,5,17,14,14,13,16,5,18
"437","2020.12.06.","2020","12","06",4,4,7,7,10,8,9,9,3,14,7,5,3,3,11,16,6,3,16,32,8,11,11,12,10,14
"438","2020.12.05.","2020","12","05",5,9,8,7,5,4,8,11,3,3,7,22,3,15,9,23,4,5,6,8,9,14,12,11,8,16
"439","2020.12.04.","2020","12","04",4,8,4,7,6,8,20,8,5,8,7,14,10,23,8,25,11,8,11,3,16,17,11,26,3,25
"440","2020.12.03.","2020","12","03",3,0,8,8,8,9,21,13,2,3,8,10,9,5,9,18,2,0,9,14,10,13,13,23,8,35
"441","2020.12.02.","2020","12","02",2,3,8,2,7,9,8,3,2,10,11,8,9,6,9,7,3,0,8,12,7,18,16,14,9,9
"442","2020.12.01.","2020","12","01",0,1,3,2,5,1,3,7,4,7,7,3,3,6,10,15,5,2,14,4,7,11,12,7,5,10
"443","2020.11.30.","2020","11","30",1,2,4,1,2,3,5,4,8,4,13,8,7,5,11,15,3,6,5,3,7,11,12,5,2,11
"444","2020.11.29.","2020","11","29",1,3,2,2,5,5,8,7,2,5,13,4,8,7,10,14,7,2,4,9,3,8,6,6,5,10
"445","2020.11.28.","2020","11","28",4,0,7,1,1,5,11,3,1,3,6,5,12,7,17,26,5,3,5,4,10,13,8,10,3,7
"446","2020.11.27.","2020","11","27",2,2,6,6,1,5,11,4,1,3,11,2,1,1,14,56,7,4,5,9,8,12,5,10,2,15
"447","2020.11.26.","2020","11","26",1,0,4,7,2,4,7,7,5,5,16,4,2,5,12,59,5,1,3,5,1,8,9,16,5,19
"448","2020.11.25.","2020","11","25",1,7,7,2,4,1,5,6,4,2,5,4,7,10,6,9,0,1,3,7,4,20,14,6,4,3
"449","2020.11.24.","2020","11","24",1,3,10,4,3,4,6,2,0,5,7,1,2,7,2,7,4,1,4,4,3,26,16,5,5,2
"450","2020.11.23.","2020","11","23",3,0,2,1,2,0,5,3,1,1,2,9,6,14,3,4,4,0,3,8,2,15,4,9,4,7
"451","2020.11.22.","2020","11","22",3,0,1,4,0,8,3,5,2,0,4,7,8,6,6,2,1,0,2,9,3,13,9,15,6,4
"452","2020.11.21.","2020","11","21",2,1,4,3,3,7,1,4,1,4,4,4,12,6,6,5,5,1,9,19,4,16,12,9,4,10
"453","2020.11.20.","2020","11","20",3,5,6,2,2,12,3,8,3,8,7,3,4,3,3,7,2,0,5,6,1,18,4,11,2,4
"454","2020.11.19.","2020","11","19",1,1,1,5,1,2,0,7,1,11,9,4,5,4,1,3,1,1,7,7,1,9,6,8,6,7
"455","2020.11.18.","2020","11","18",1,2,1,6,2,4,2,7,1,6,3,3,0,2,2,12,3,0,3,7,0,8,4,6,1,6
"456","2020.11.17.","2020","11","17",2,1,0,3,1,4,1,5,1,7,4,2,5,6,4,4,6,1,2,2,1,10,0,10,3,13
"457","2020.11.16.","2020","11","16",0,0,0,3,0,1,3,6,2,4,4,3,1,1,3,9,3,0,2,3,1,3,2,12,0,5
"458","2020.11.15.","2020","11","15",2,3,1,1,0,2,3,6,0,1,11,2,6,2,1,9,4,0,0,2,0,4,2,12,5,6
"459","2020.11.14.","2020","11","14",0,4,3,0,1,17,1,4,2,0,5,3,2,1,0,9,1,0,1,4,2,2,2,2,0,3
"460","2020.11.13.","2020","11","13",0,1,1,2,1,11,4,2,0,3,6,4,1,3,1,7,1,2,1,1,2,4,3,4,1,8
"461","2020.11.12.","2020","11","12",0,4,4,2,0,7,0,3,0,4,3,0,2,2,0,2,0,1,1,0,1,1,5,4,1,6
"462","2020.11.11.","2020","11","11",0,1,2,0,1,1,1,1,0,0,1,1,1,2,1,5,0,0,0,0,0,4,1,4,1,16
"463","2020.11.10.","2020","11","10",0,0,0,0,1,2,1,0,0,3,0,2,0,0,0,7,0,0,0,1,2,6,2,2,2,5
"464","2020.11.09.","2020","11","09",0,0,7,5,0,2,0,0,0,1,0,2,3,1,2,4,0,0,1,3,0,5,1,4,1,3
"465","2020.11.08.","2020","11","08",0,0,1,8,0,5,0,3,2,0,0,1,9,0,0,4,0,1,6,2,0,1,3,2,3,4
"466","2020.11.07.","2020","11","07",0,2,0,6,2,2,0,3,0,1,0,2,3,1,0,3,0,0,0,1,3,3,3,0,0,2
"467","2020.11.06.","2020","11","06",0,0,1,0,0,4,0,3,0,1,1,4,1,0,3,1,0,0,3,0,5,0,3,8,0,2
"468","2020.11.05.","2020","11","05",0,0,1,1,3,2,1,1,0,0,0,3,5,0,1,2,0,0,2,3,1,4,2,9,1,7
"469","2020.11.04.","2020","11","04",1,0,1,4,0,4,0,1,0,0,1,2,7,0,0,2,1,0,2,1,1,1,2,6,1,5
"470","2020.11.03.","2020","11","03",2,0,1,1,0,0,0,0,0,0,0,0,0,0,1,0,4,0,2,2,1,1,2,3,0,2
"471","2020.11.02.","2020","11","02",0,0,2,0,0,2,0,2,0,2,1,0,0,1,0,3,0,0,0,0,0,2,2,5,1,2
"472","2020.11.01.","2020","11","01",0,0,1,1,1,0,0,0,0,0,1,3,0,1,0,1,2,0,1,2,2,5,14,9,0,1
"473","2020.10.31.","2020","10","31",0,1,0,2,1,3,1,3,0,0,1,2,0,1,3,2,2,0,2,0,4,2,8,1,1,6
"474","2020.10.30.","2020","10","30",0,0,0,2,2,0,0,0,3,3,1,0,0,3,2,3,0,0,0,2,3,4,11,8,1,2
"475","2020.10.29.","2020","10","29",0,1,1,0,0,0,1,0,0,1,4,1,0,0,1,1,0,1,0,0,3,3,7,5,0,3
"476","2020.10.28.","2020","10","28",1,0,0,2,1,0,1,1,0,1,0,1,0,0,0,0,0,0,0,0,4,2,8,4,1,4
"477","2020.10.27.","2020","10","27",0,0,0,1,0,1,2,0,0,0,1,1,0,0,0,0,0,1,0,0,3,1,4,4,1,0
"478","2020.10.26.","2020","10","26",0,0,0,0,0,0,1,0,0,0,1,1,0,0,0,1,1,0,1,1,0,2,1,3,0,1
"479","2020.10.25.","2020","10","25",0,0,0,0,0,2,0,1,0,0,2,0,1,2,2,2,1,0,1,1,2,2,2,2,0,4
"480","2020.10.24.","2020","10","24",0,0,2,0,0,0,1,1,0,0,0,0,0,1,0,1,3,0,4,2,0,1,3,1,0,1
"481","2020.10.23.","2020","10","23",0,0,0,1,0,0,1,0,0,0,0,0,1,0,0,0,2,0,2,2,2,3,2,3,1,1
"482","2020.10.22.","2020","10","22",0,0,0,0,0,0,0,0,0,1,0,1,0,0,1,0,1,0,0,0,7,0,4,0,1,1
"483","2020.10.21.","2020","10","21",0,0,0,1,0,0,0,0,0,1,0,0,0,0,0,1,0,0,0,0,3,1,3,2,1,2
"484","2020.10.20.","2020","10","20",0,0,1,0,0,0,2,1,0,0,0,0,0,0,1,0,0,0,0,1,0,1,2,0,0,3
"485","2020.10.19.","2020","10","19",0,0,3,0,1,0,0,1,0,0,0,1,0,1,0,0,0,0,0,1,1,1,2,0,0,4
"486","2020.10.18.","2020","10","18",0,0,0,0,0,0,0,0,0,0,1,0,2,1,2,0,0,1,0,0,6,0,2,3,1,0
"487","2020.10.17.","2020","10","17",2,0,0,0,0,0,1,3,1,0,0,1,0,1,0,1,1,0,0,0,2,0,0,2,2,1
"488","2020.10.16.","2020","10","16",0,0,1,0,0,1,1,2,0,1,1,1,0,0,0,0,1,0,0,1,2,2,0,3,2,0
"489","2020.10.15.","2020","10","15",0,3,1,1,0,0,0,0,0,0,0,3,1,0,0,0,0,0,0,1,6,1,1,0,1,2
"490","2020.10.14.","2020","10","14",1,1,0,0,0,3,3,1,0,0,0,1,1,2,1,0,0,0,0,2,4,0,3,1,0,2
"491","2020.10.13.","2020","10","13",1,0,1,0,0,0,0,1,0,1,1,0,0,1,0,2,0,0,0,1,3,0,1,0,0,7
"492","2020.10.12.","2020","10","12",0,0,4,0,0,2,1,0,0,1,4,0,0,2,0,1,2,0,1,1,5,1,1,2,2,1
"493","2020.10.11.","2020","10","11",1,1,1,0,0,0,0,0,3,1,2,0,0,3,0,3,0,0,1,0,0,0,0,3,1,4
"494","2020.10.10.","2020","10","10",0,0,1,0,1,0,1,1,1,5,1,0,0,1,0,0,0,0,2,1,0,0,0,3,0,7
"495","2020.10.09.","2020","10","09",0,0,0,3,1,1,0,0,0,0,1,0,0,0,0,0,0,0,1,1,4,2,3,0,0,4
"496","2020.10.08.","2020","10","08",0,0,1,1,0,0,0,0,0,0,2,1,0,0,0,0,0,0,0,0,2,1,0,1,1,0
"497","2020.10.07.","2020","10","07",0,0,1,1,1,6,1,0,2,4,3,0,4,1,0,0,0,0,1,0,5,2,2,1,0,5
"498","2020.10.06.","2020","10","06",0,0,1,0,1,1,1,0,1,0,2,0,0,0,0,1,2,1,1,1,2,1,0,0,0,3
"499","2020.10.05.","2020","10","05",0,0,0,0,1,2,0,0,3,1,1,0,0,0,0,0,1,0,0,2,4,0,1,0,2,1
"500","2020.10.04.","2020","10","04",0,0,1,0,0,0,1,0,0,0,0,0,0,0,0,0,1,0,0,0,3,0,1,0,0,1
"501","2020.10.03.","2020","10","03",0,0,0,0,0,1,1,0,1,1,3,1,0,1,0,0,1,0,0,2,1,1,0,0,0,10
"502","2020.10.02.","2020","10","02",1,0,0,2,0,1,0,1,0,0,0,0,0,4,0,2,1,1,0,3,3,0,1,0,0,1
"503","2020.10.01.","2020","10","01",0,0,1,4,1,3,1,0,0,0,0,0,1,1,0,0,2,2,1,2,6,0,1,2,1,1
"504","2020.09.30.","2020","09","30",0,0,0,0,0,0,0,0,0,0,0,0,0,0,0,0,0,0,0,1,3,2,0,0,0,30
"505","2020.09.29.","2020","09","29",0,0,2,0,1,5,0,4,1,6,0,1,0,1,0,0,0,0,1,2,2,0,0,0,0,0
"506","2020.09.28.","2020","09","28",0,0,0,0,0,0,0,0,0,0,0,1,0,0,0,0,0,0,0,0,1,0,2,1,1,0
"507","2020.09.27.","2020","09","27",0,2,4,0,1,1,1,2,0,8,1,1,1,0,0,2,2,0,3,4,6,0,0,2,2,5
"508","2020.09.26.","2020","09","26",0,1,0,0,0,0,0,0,0,0,0,0,0,0,0,1,0,0,1,0,3,2,3,0,0,1
"509","2020.09.25.","2020","09","25",2,0,1,0,1,2,1,4,0,16,1,3,0,0,1,1,6,1,4,4,7,5,1,2,1,3
"510","2020.09.24.","2020","09","24",0,0,2,2,0,0,0,0,1,0,0,1,0,0,0,6,0,0,1,0,3,1,2,2,0,3
"511","2020.09.23.","2020","09","23",2,0,0,0,0,0,1,3,0,8,1,0,0,0,0,6,3,1,2,3,4,0,1,2,1,3
"512","2020.09.22.","2020","09","22",0,0,0,1,2,0,1,0,1,1,1,3,0,5,3,5,1,2,2,4,5,1,0,1,0,0
"513","2020.09.21.","2020","09","21",0,0,0,2,0,0,1,0,0,0,2,0,2,1,0,0,2,1,1,3,2,1,2,0,0,3
"514","2020.09.20.","2020","09","20",0,1,0,0,1,0,1,0,0,0,0,0,0,0,2,0,0,1,0,1,2,1,4,3,0,3
"515","2020.09.19.","2020","09","19",0,0,0,2,0,0,1,2,0,0,1,2,0,0,2,2,2,1,1,0,4,3,5,2,0,2
"516","2020.09.18.","2020","09","18",0,0,0,0,0,0,1,1,0,2,4,1,2,3,3,3,0,0,1,1,4,2,3,5,0,3
"517","2020.09.17.","2020","09","17",0,0,0,1,3,4,3,1,4,2,2,4,3,1,4,4,4,0,5,6,6,2,8,5,2,6
"518","2020.09.16.","2020","09","16",1,0,2,0,0,2,1,2,0,0,6,1,3,1,3,3,1,0,2,4,2,3,1,6,0,6
"519","2020.09.15.","2020","09","15",1,0,0,1,0,1,0,1,3,1,3,1,1,1,0,1,1,0,1,1,2,2,7,3,1,3
"520","2020.09.14.","2020","09","14",0,0,0,0,0,0,1,2,1,2,4,2,0,2,0,2,1,1,2,0,4,2,4,6,1,4
"521","2020.09.13.","2020","09","13",1,0,0,1,0,0,1,3,2,3,0,1,1,0,0,0,0,1,3,1,3,0,3,4,1,5
"522","2020.09.12.","2020","09","12",2,0,1,0,0,0,0,0,0,1,3,3,0,0,1,1,1,0,0,0,11,2,5,5,1,1
"523","2020.09.11.","2020","09","11",3,1,1,2,2,3,1,1,3,1,2,4,4,0,1,6,1,1,2,2,6,3,1,4,1,8
"524","2020.09.10.","2020","09","10",7,0,1,0,0,0,0,0,1,3,3,4,1,0,0,1,0,1,0,3,3,1,1,2,2,2
"525","2020.09.09.","2020","09","09",0,0,0,1,4,3,0,2,1,1,1,5,2,1,1,2,1,1,0,3,7,1,2,2,2,4
"526","2020.09.08.","2020","09","08",2,0,1,2,2,1,4,5,2,4,3,4,3,3,1,5,3,1,7,4,5,4,2,6,1,6
"527","2020.09.07.","2020","09","07",0,0,0,0,0,1,0,2,1,1,5,6,1,0,2,1,0,2,2,5,7,0,1,2,2,3
"528","2020.09.06.","2020","09","06",0,0,0,1,2,0,5,4,2,1,3,2,2,2,3,3,0,1,3,1,4,1,3,6,5,4
"529","2020.09.05.","2020","09","05",0,1,2,5,4,1,3,1,0,2,2,4,3,4,0,1,0,1,1,0,2,2,5,3,3,6
"530","2020.09.04.","2020","09","04",0,0,0,2,4,1,5,2,0,2,3,1,1,1,1,0,0,0,0,0,5,5,4,0,3,6
"531","2020.09.03.","2020","09","03",0,2,2,1,2,1,2,2,2,1,5,3,0,2,1,4,1,0,4,2,10,2,4,2,7,3
"532","2020.09.02.","2020","09","02",2,0,1,2,4,5,6,4,6,3,4,7,3,1,2,5,0,1,3,0,6,4,9,1,4,4
"533","2020.09.01.","2020","09","01",2,0,2,2,0,1,6,6,7,5,11,3,1,3,6,7,0,1,0,4,10,5,12,3,2,4
"534","2020.08.31.","2020","08","31",0,1,0,1,2,2,2,4,4,7,7,3,1,1,1,4,1,2,0,13,5,0,2,1,2,4
"535","2020.08.30.","2020","08","30",4,2,0,2,6,6,7,7,3,2,18,9,5,3,9,6,6,2,13,15,8,3,4,12,1,13
"536","2020.08.29.","2020","08","29",0,3,1,0,5,2,4,6,4,6,7,1,5,2,3,4,2,3,5,12,10,6,4,14,2,7
"537","2020.08.28.","2020","08","28",3,2,4,0,4,2,4,7,7,4,17,9,2,12,3,4,7,1,7,8,14,3,4,16,7,11
"538","2020.08.27.","2020","08","27",2,1,3,0,1,0,4,8,0,2,18,4,4,2,2,10,8,3,0,6,7,2,2,8,2,8
"539","2020.08.26.","2020","08","26",4,1,2,5,7,4,5,5,5,1,6,9,6,8,8,12,3,7,14,3,9,5,7,6,5,9
"540","2020.08.25.","2020","08","25",1,0,3,2,6,3,13,10,2,6,17,6,4,2,6,2,2,2,4,1,8,5,5,8,10,14
"541","2020.08.24.","2020","08","24",2,3,5,2,1,4,8,8,2,0,3,6,2,3,9,6,4,3,3,1,3,1,5,5,4,4
"542","2020.08.23.","2020","08","23",1,1,4,1,2,4,5,15,4,3,14,11,1,4,4,7,2,1,6,9,5,7,7,5,12,12
"543","2020.08.22.","2020","08","22",2,2,2,3,7,6,2,8,6,1,4,8,6,8,6,7,8,2,1,4,4,4,5,12,3,6
"544","2020.08.21.","2020","08","21",3,4,2,4,3,6,7,9,2,6,6,10,0,2,2,14,5,2,1,2,3,6,5,12,4,7
"545","2020.08.20.","2020","08","20",4,0,0,0,2,5,3,18,9,2,9,11,4,2,2,4,2,0,2,5,3,3,5,14,15,10
"546","2020.08.19.","2020","08","19",4,1,4,2,3,6,9,20,8,4,9,6,3,8,4,2,6,1,3,4,6,6,6,11,8,8
"547","2020.08.18.","2020","08","18",0,1,0,0,4,6,9,22,8,3,10,5,1,3,3,2,2,1,1,11,2,1,2,10,5,16
"548","2020.08.17.","2020","08","17",2,1,3,1,3,3,5,18,3,3,15,2,0,4,1,6,0,0,0,1,0,0,1,8,5,6
"549","2020.08.16.","2020","08","16",0,0,4,1,7,6,8,39,9,9,14,5,1,0,2,7,0,3,1,1,6,2,3,7,2,13
"550","2020.08.15.","2020","08","15",0,1,1,1,0,3,1,15,0,1,4,1,3,6,1,2,0,0,2,2,2,8,5,6,5,1
"551","2020.08.14.","2020","08","14",0,1,0,0,7,2,1,8,1,1,0,2,1,0,1,2,0,0,0,2,1,4,0,0,0,1
"552","2020.08.13.","2020","08","13",1,2,1,1,2,0,0,2,0,0,1,4,0,0,2,3,0,0,0,0,1,2,0,0,0,1
"553","2020.08.12.","2020","08","12",0,0,0,1,0,0,0,0,1,1,0,3,0,0,0,0,0,0,1,2,1,1,1,0,0,5
"554","2020.08.11.","2020","08","11",0,0,0,0,0,0,0,0,0,0,0,0,0,0,2,0,0,0,1,1,0,1,0,0,0,2
"555","2020.08.10.","2020","08","10",0,1,1,0,1,1,0,0,0,0,1,1,1,1,0,0,2,0,0,0,1,0,0,1,0,1
"556","2020.08.09.","2020","08","09",1,0,0,0,1,0,0,3,0,1,0,1,1,1,0,0,0,0,0,0,0,0,0,0,0,4
"557","2020.08.08.","2020","08","08",0,0,1,1,0,0,0,2,0,1,0,0,0,1,0,1,0,0,1,1,0,2,3,0,0,2
"558","2020.08.07.","2020","08","07",0,0,2,1,0,0,0,1,0,2,0,0,0,2,0,0,0,0,0,1,0,0,0,0,0,1
"559","2020.08.06.","2020","08","06",0,0,2,2,0,1,0,0,0,0,0,0,0,0,0,0,0,0,0,0,0,2,0,0,0,2
"560","2020.08.05.","2020","08","05",0,0,0,0,0,0,0,1,0,1,0,2,0,0,0,0,0,0,1,0,0,0,0,1,0,0
"561","2020.08.04.","2020","08","04",0,2,0,0,0,0,0,1,0,1,0,0,0,1,0,2,0,0,0,0,1,0,0,1,0,0
"562","2020.08.03.","2020","08","03",0,0,1,0,0,1,0,1,0,0,0,0,0,0,0,1,0,0,0,0,0,0,0,0,0,1
"563","2020.08.02.","2020","08","02",1,0,0,0,0,0,0,0,0,0,0,0,0,0,1,2,0,0,0,0,0,0,0,0,0,0
"564","2020.08.01.","2020","08","01",0,0,0,0,0,0,0,0,0,0,0,0,0,1,0,0,0,0,0,0,0,1,0,0,0,0
"565","2020.07.31.","2020","07","31",0,0,0,0,0,0,0,0,0,0,0,1,0,0,0,1,0,0,0,0,2,2,1,1,1,0
"566","2020.07.30.","2020","07","30",0,0,0,0,0,0,0,1,0,0,0,0,0,0,0,0,1,0,0,0,1,0,0,0,0,0
"567","2020.07.29.","2020","07","29",0,1,0,0,0,0,0,1,2,0,0,0,0,1,0,0,0,0,1,0,1,0,0,1,0,0
"568","2020.07.28.","2020","07","28",0,0,0,0,0,0,0,0,1,0,0,0,0,1,0,0,0,0,0,0,1,0,0,1,0,3
"569","2020.07.27.","2020","07","27",1,1,1,0,0,0,0,0,0,0,0,0,0,1,0,1,0,0,0,0,1,0,1,1,1,0
"570","2020.07.26.","2020","07","26",0,0,0,0,0,1,0,0,0,0,0,0,0,1,1,0,0,0,0,0,0,1,0,2,0,1
"571","2020.07.25.","2020","07","25",0,0,0,0,0,0,0,0,0,0,0,2,0,0,0,4,0,1,0,1,0,0,0,3,0,0
"572","2020.07.24.","2020","07","24",0,0,0,1,0,0,0,0,0,1,0,0,0,0,0,2,1,0,1,1,1,0,0,11,0,1
"573","2020.07.23.","2020","07","23",0,0,0,0,0,1,0,0,0,0,0,0,0,0,0,0,0,0,0,2,0,0,3,5,0,1
"574","2020.07.22.","2020","07","22",1,1,0,1,1,1,0,0,0,0,0,3,0,0,0,3,0,0,0,1,0,0,0,5,0,0
"575","2020.07.21.","2020","07","21",1,1,0,2,1,0,0,1,0,0,0,1,1,0,0,10,0,1,0,0,0,0,0,1,1,0
"576","2020.07.20.","2020","07","20",0,0,0,0,0,0,0,1,0,0,0,0,1,0,0,1,0,0,0,0,0,0,0,0,0,0
"577","2020.07.19.","2020","07","19",0,0,0,1,0,0,0,0,0,0,0,1,0,0,0,0,0,2,0,0,2,0,1,3,0,0
"578","2020.07.18.","2020","07","18",0,0,0,1,0,0,0,0,0,0,0,1,0,1,0,0,0,0,0,0,0,0,1,2,0,0
"579","2020.07.17.","2020","07","17",0,1,1,0,1,0,0,0,0,1,0,0,1,0,0,0,0,0,0,0,1,0,0,3,0,0
"580","2020.07.16.","2020","07","16",0,1,0,0,0,0,0,0,1,0,0,0,0,0,0,0,1,0,0,0,1,0,0,2,1,0
"581","2020.07.15.","2020","07","15",1,0,0,0,0,0,0,0,0,0,0,0,0,0,0,0,0,1,0,2,0,0,0,1,1,0
"582","2020.07.14.","2020","07","14",1,0,0,0,0,0,0,0,0,0,0,1,0,0,0,0,0,1,0,1,0,0,2,1,0,0
"583","2020.07.13.","2020","07","13",0,0,0,0,0,1,0,1,0,0,1,0,0,2,0,0,0,0,0,1,2,1,0,0,3,1
"584","2020.07.12.","2020","07","12",0,0,0,1,0,0,1,0,0,0,0,0,0,0,0,0,0,0,1,1,0,0,1,0,2,0
"585","2020.07.11.","2020","07","11",0,0,1,0,0,1,0,1,0,0,0,0,0,0,0,1,0,0,1,0,0,0,1,0,0,2
"586","2020.07.10.","2020","07","10",0,0,0,0,0,0,0,2,0,0,0,0,0,0,0,1,0,0,0,1,0,0,2,0,1,1
"587","2020.07.09.","2020","07","09",0,1,0,0,1,0,1,0,0,0,1,0,1,0,0,0,1,0,0,1,0,0,0,0,0,0
"588","2020.07.08.","2020","07","08",0,0,0,0,1,0,1,0,0,0,2,0,1,4,0,0,0,0,0,1,1,0,0,0,0,0
"589","2020.07.07.","2020","07","07",0,0,0,0,0,0,1,0,0,0,0,0,0,0,0,1,0,0,0,0,0,0,0,0,0,1
"590","2020.07.06.","2020","07","06",0,0,0,0,0,0,0,0,0,0,0,0,1,0,0,0,0,0,1,0,1,0,0,0,0,0
"591","2020.07.05.","2020","07","05",0,1,0,0,0,0,5,0,0,0,1,0,0,1,0,0,0,0,1,2,2,1,1,1,0,0
"592","2020.07.04.","2020","07","04",1,0,1,0,0,0,1,0,0,0,0,0,0,0,0,0,1,0,1,0,2,0,0,0,0,0
"593","2020.07.03.","2020","07","03",0,0,0,1,0,0,0,1,0,0,1,0,0,1,0,0,0,1,0,1,1,1,1,0,1,1
"594","2020.07.02.","2020","07","02",0,0,0,0,0,1,1,0,0,0,0,1,0,0,0,0,0,0,0,1,7,0,0,0,2,0
"595","2020.07.01.","2020","07","01",0,0,0,0,0,0,0,0,0,0,0,0,0,1,0,0,0,1,2,0,4,1,0,0,0,0
"596","2020.06.30.","2020","06","30",0,0,0,0,0,0,0,0,0,0,1,1,0,3,0,0,0,1,0,0,0,0,0,0,0,2
"597","2020.06.29.","2020","06","29",0,0,1,0,0,0,0,0,0,0,1,0,0,0,0,0,1,0,0,0,1,1,0,1,0,1
"598","2020.06.28.","2020","06","28",0,0,1,0,0,1,0,0,0,0,0,0,0,1,1,0,1,0,2,0,5,0,1,1,0,0
"599","2020.06.27.","2020","06","27",0,1,0,0,1,1,1,0,0,0,1,1,0,0,0,0,1,0,0,2,7,1,0,0,0,0
"600","2020.06.26.","2020","06","26",0,0,0,0,0,0,1,0,0,0,1,0,0,0,0,1,1,0,0,1,11,0,0,0,0,1
"601","2020.06.25.","2020","06","25",1,0,0,0,0,0,0,0,0,1,1,0,0,0,0,0,1,1,0,0,2,0,1,0,0,0
"602","2020.06.24.","2020","06","24",0,0,0,0,0,0,1,0,0,3,0,0,0,0,0,0,1,0,1,0,4,0,0,0,0,1
"603","2020.06.23.","2020","06","23",0,0,0,0,0,0,0,0,0,0,0,0,0,0,0,1,0,0,0,0,0,0,1,0,2,0
"604","2020.06.22.","2020","06","22",0,0,0,0,0,0,0,1,0,1,0,0,0,0,0,1,4,0,0,0,0,0,0,1,0,0
"605","2020.06.21.","2020","06","21",0,0,0,2,0,0,0,0,0,2,2,0,0,0,0,1,0,0,3,1,1,1,0,0,0,1
"606","2020.06.20.","2020","06","20",0,0,0,0,0,1,1,0,0,2,0,1,1,1,2,1,0,0,2,1,0,1,0,0,0,3
"607","2020.06.19.","2020","06","19",0,1,0,0,1,0,1,1,1,2,0,1,1,1,2,2,0,0,1,0,1,1,0,0,0,1
"608","2020.06.18.","2020","06","18",0,0,0,0,0,0,0,0,0,11,0,2,0,0,0,2,1,0,3,0,2,1,1,0,0,1
"609","2020.06.17.","2020","06","17",0,0,0,0,0,0,1,0,0,2,0,1,0,1,0,0,0,0,0,2,2,1,1,1,0,0
"610","2020.06.16.","2020","06","16",0,0,2,0,0,0,0,0,0,1,0,3,1,0,0,0,4,0,0,1,0,0,0,0,0,0
"611","2020.06.15.","2020","06","15",0,0,1,0,0,0,0,0,0,1,0,1,1,0,0,0,1,1,0,0,0,1,0,0,0,1
"612","2020.06.14.","2020","06","14",1,0,0,0,0,0,1,0,1,0,0,1,0,0,0,2,0,1,2,0,2,1,0,0,0,0
"613","2020.06.13.","2020","06","13",1,0,1,0,0,0,3,1,2,12,1,0,0,0,2,2,1,1,1,0,1,0,0,0,1,0
"614","2020.06.12.","2020","06","12",0,0,0,0,0,0,2,0,0,1,1,1,0,0,1,3,1,3,5,0,5,1,0,0,1,0
"615","2020.06.11.","2020","06","11",0,0,0,0,1,0,0,1,0,1,1,1,0,0,3,0,2,4,0,1,1,1,0,1,0,1
"616","2020.06.10.","2020","06","10",0,1,0,1,0,0,0,0,0,0,0,0,0,1,2,0,1,1,1,2,2,0,0,0,0,1
"617","2020.06.09.","2020","06","09",0,0,0,0,0,0,1,0,0,0,0,0,0,0,1,3,9,0,0,1,1,1,0,0,0,1
"618","2020.06.08.","2020","06","08",0,0,0,1,0,0,0,0,1,0,0,0,1,0,4,2,3,0,0,0,0,0,0,0,1,2
"619","2020.06.07.","2020","06","07",0,0,2,3,0,0,0,0,1,0,0,2,0,1,9,2,3,0,1,1,1,0,0,0,0,3
"620","2020.06.06.","2020","06","06",0,0,2,1,0,1,1,0,1,1,2,2,0,0,4,1,4,0,1,0,3,0,0,1,2,1
"621","2020.06.05.","2020","06","05",0,0,1,0,0,0,0,0,0,1,1,0,0,1,3,2,2,0,0,0,0,0,0,0,2,1
"622","2020.06.04.","2020","06","04",0,0,1,0,0,0,0,0,1,1,0,0,0,1,1,2,1,2,1,0,1,0,2,0,0,1
"623","2020.06.03.","2020","06","03",0,0,0,1,0,0,0,0,2,0,0,0,2,0,5,3,2,1,0,0,0,0,1,0,1,2
"624","2020.06.02.","2020","06","02",0,0,0,0,0,0,0,0,0,0,0,0,1,0,2,2,0,0,3,0,1,2,0,1,1,0
"625","2020.06.01.","2020","06","01",0,0,0,0,0,0,0,0,0,0,0,0,0,0,1,0,0,0,0,0,0,0,1,0,0,0
"626","2020.05.31.","2020","05","31",0,0,0,0,0,0,0,0,0,0,0,0,1,0,0,2,0,0,3,0,0,0,0,0,0,0
"627","2020.05.30.","2020","05","30",1,0,0,1,0,0,0,1,0,1,0,1,1,0,0,0,0,0,0,0,0,0,2,1,0,0
"628","2020.05.29.","2020","05","29",0,1,0,2,0,0,0,0,1,0,0,0,2,2,0,4,0,1,2,1,0,0,0,1,0,2
"629","2020.05.28.","2020","05","28",0,0,0,3,1,0,0,0,1,0,0,2,1,1,1,3,3,0,1,1,1,0,0,1,1,3
"630","2020.05.27.","2020","05","27",0,0,0,8,0,0,0,0,0,1,1,2,0,0,0,3,1,1,0,0,2,0,0,0,0,1
"631","2020.05.26.","2020","05","26",0,0,0,3,0,0,0,0,0,1,1,0,0,0,0,1,1,0,0,0,0,0,0,0,1,0
"632","2020.05.25.","2020","05","25",0,0,0,1,0,0,1,0,2,0,0,0,0,0,0,0,0,0,2,0,1,0,0,0,0,0
"633","2020.05.24.","2020","05","24",0,0,0,0,0,0,1,0,1,0,1,0,0,0,0,0,0,0,0,0,1,0,0,0,1,1
"634","2020.05.23.","2020","05","23",0,0,0,0,0,0,0,0,0,0,0,0,0,0,0,0,0,0,0,0,0,1,0,0,1,1
"635","2020.05.22.","2020","05","22",0,0,0,0,1,0,0,0,0,0,1,0,0,0,0,0,0,0,0,0,1,0,0,0,0,0
"636","2020.05.21.","2020","05","21",0,0,0,0,0,0,0,0,0,1,0,0,0,0,1,0,0,0,0,1,0,0,0,0,0,1
"637","2020.05.20.","2020","05","20",0,0,4,0,0,0,0,0,1,1,0,0,0,0,0,0,0,0,0,0,0,1,1,0,1,0
"638","2020.05.19.","2020","05","19",0,0,0,0,0,0,0,1,0,0,0,0,0,0,2,1,1,0,1,0,0,0,0,1,0,0
"639","2020.05.18.","2020","05","18",1,0,0,0,0,0,0,0,0,0,0,0,0,0,0,0,0,0,0,0,0,0,0,0,0,0
"640","2020.05.17.","2020","05","17",0,0,0,0,0,0,0,0,0,0,2,0,0,0,0,0,0,0,0,0,0,0,0,2,0,0
"641","2020.05.16.","2020","05","16",0,0,1,0,0,0,0,0,0,0,0,2,1,0,0,0,0,0,0,0,1,0,1,0,0,0
"642","2020.05.15.","2020","05","15",0,0,2,0,1,1,0,0,0,2,0,0,0,0,0,0,0,1,1,0,0,0,1,1,2,0
"643","2020.05.14.","2020","05","14",0,0,0,0,0,0,0,0,1,0,1,0,0,0,0,1,0,0,0,0,0,0,0,1,1,0
"644","2020.05.13.","2020","05","13",0,0,0,1,0,1,0,0,0,1,1,0,0,0,0,0,0,0,1,1,1,0,0,1,0,0
"645","2020.05.12.","2020","05","12",0,0,1,0,0,0,0,0,1,1,0,0,1,0,1,2,0,0,0,1,1,1,0,0,0,1
"646","2020.05.11.","2020","05","11",0,1,3,1,1,1,0,1,1,0,0,0,0,0,1,0,0,0,0,2,3,0,4,1,1,0
"647","2020.05.10.","2020","05","10",0,0,4,0,2,0,1,2,0,1,0,0,1,0,0,2,0,0,0,1,1,1,1,1,0,0
"648","2020.05.09.","2020","05","09",1,1,4,0,0,0,0,0,0,0,0,0,0,0,0,0,0,0,0,1,3,0,0,0,1,2
"649","2020.05.08.","2020","05","08",0,0,0,0,0,0,0,0,0,0,0,0,0,0,0,0,0,0,0,0,0,0,0,0,0,0
"650","2020.05.07.","2020","05","07",0,0,0,0,0,0,0,0,0,0,0,0,0,0,0,0,0,0,0,0,0,0,0,0,0,0
"651","2020.05.06.","2020","05","06",0,0,0,0,0,0,0,0,0,0,0,0,0,0,0,0,0,0,0,0,0,0,0,0,0,0
"652","2020.05.05.","2020","05","05",0,0,0,0,0,0,0,0,0,0,0,0,0,0,0,0,0,0,0,0,0,0,0,0,0,0
"653","2020.05.04.","2020","05","04",0,0,0,0,0,0,0,0,0,0,0,0,0,0,0,0,0,0,0,0,0,0,0,0,0,0
"654","2020.05.03.","2020","05","03",0,0,1,0,0,0,0,0,0,0,0,0,0,0,0,0,0,0,0,0,0,0,0,0,1,0
"655","2020.05.02.","2020","05","02",0,0,0,1,0,0,0,0,0,0,0,0,0,0,0,0,0,0,0,0,0,0,0,0,0,0
"656","2020.05.01.","2020","05","01",0,0,0,0,0,0,0,0,0,0,0,0,1,0,0,0,0,0,0,0,0,0,0,0,0,0
"657","2020.04.30.","2020","04","30",0,0,0,0,0,0,0,0,0,0,0,0,0,0,0,0,0,0,0,0,0,0,0,0,0,0
"658","2020.04.29.","2020","04","29",0,0,0,0,0,0,0,0,0,0,0,0,0,0,0,0,0,0,0,0,0,0,0,0,0,0
"659","2020.04.28.","2020","04","28",0,0,0,0,0,0,0,1,0,0,0,0,0,0,0,0,0,0,0,0,1,0,2,0,0,0
"660","2020.04.27.","2020","04","27",0,0,0,0,0,0,0,0,0,0,0,0,0,0,0,0,0,0,0,0,0,0,0,0,0,0
"661","2020.04.26.","2020","04","26",0,0,0,0,0,0,0,0,0,0,0,0,0,0,0,0,0,0,0,0,0,0,0,0,0,0
"662","2020.04.25.","2020","04","25",0,0,0,0,0,0,0,0,0,0,0,0,0,0,0,0,0,0,0,0,0,0,0,0,0,1
"663","2020.04.24.","2020","04","24",0,0,0,0,0,0,0,0,0,0,0,0,0,0,0,0,0,0,0,0,0,0,0,0,0,0
"664","2020.04.23.","2020","04","23",0,0,0,0,0,0,0,0,0,0,0,0,0,0,0,0,0,0,0,0,0,0,0,0,0,0
"665","2020.04.22.","2020","04","22",0,0,0,0,0,0,0,0,0,0,0,0,0,1,0,0,0,0,0,0,0,0,0,0,0,1
"666","2020.04.21.","2020","04","21",0,0,0,0,0,0,0,0,0,0,0,0,0,0,0,0,0,0,0,0,0,0,0,0,0,0
"667","2020.04.20.","2020","04","20",0,0,0,0,0,0,0,0,0,0,0,0,0,0,0,1,0,0,0,0,0,0,0,0,0,0
"668","2020.04.19.","2020","04","19",0,0,0,0,0,0,0,0,0,0,0,0,0,0,0,0,0,0,0,0,0,0,1,0,0,0
"669","2020.04.18.","2020","04","18",0,0,0,0,0,0,0,1,0,0,0,0,0,0,0,0,0,0,0,0,0,0,1,0,0,0
"670","2020.04.17.","2020","04","17",0,0,1,0,0,0,0,0,0,0,0,0,0,0,0,0,0,0,0,0,0,0,1,0,0,0
"671","2020.04.16.","2020","04","16",0,0,0,0,0,0,0,0,0,0,0,0,1,0,0,0,0,0,0,0,0,0,0,0,0,0
"672","2020.04.15.","2020","04","15",0,1,0,1,0,0,0,0,0,0,0,0,0,0,0,0,0,0,0,1,0,2,0,0,0,0
"673","2020.04.14.","2020","04","14",0,0,0,2,0,0,0,1,0,0,0,0,0,0,0,0,0,0,0,0,0,0,0,0,0,0
"674","2020.04.13.","2020","04","13",0,0,0,4,0,0,0,0,0,1,0,1,0,0,0,0,0,0,0,1,0,0,0,1,0,0
"675","2020.04.12.","2020","04","12",0,0,0,0,0,0,0,0,0,0,0,1,0,0,0,0,0,0,0,0,1,0,0,0,0,0
"676","2020.04.11.","2020","04","11",0,0,0,0,0,0,0,0,0,0,0,0,0,0,1,0,0,0,0,0,0,0,2,0,0,0
"677","2020.04.10.","2020","04","10",0,0,0,2,1,0,0,1,0,0,0,0,0,0,0,0,0,0,0,0,0,0,1,0,0,0
"678","2020.04.09.","2020","04","09",0,0,0,1,0,0,0,0,0,1,0,0,0,3,0,0,0,0,1,1,0,2,2,0,0,0
"679","2020.04.08.","2020","04","08",0,0,0,1,0,1,0,2,0,0,0,0,0,0,0,1,0,0,1,0,0,3,1,0,0,0
"680","2020.04.07.","2020","04","07",0,0,0,1,0,0,1,0,0,0,1,0,0,0,0,0,0,0,0,0,1,0,3,0,0,1
"681","2020.04.06.","2020","04","06",0,0,2,0,0,0,0,2,0,0,0,0,0,0,0,1,0,0,0,0,1,0,0,1,1,2
"682","2020.04.05.","2020","04","05",0,0,1,0,0,2,1,1,0,0,0,2,2,1,0,1,0,0,1,0,2,0,2,3,0,1
"683","2020.04.04.","2020","04","04",0,0,0,0,0,1,0,0,0,1,1,1,1,0,0,0,0,0,0,3,0,2,5,4,1,0
"684","2020.04.03.","2020","04","03",1,0,2,1,0,0,1,0,0,0,1,2,0,1,1,0,1,0,0,0,3,2,2,0,1,1
"685","2020.04.02.","2020","04","02",0,0,0,0,1,1,0,0,0,0,0,0,1,1,1,0,0,0,1,1,0,2,0,1,0,6
"686","2020.04.01.","2020","04","01",2,1,0,0,1,0,0,0,0,0,0,0,0,2,1,0,1,0,1,1,6,1,3,2,0,2
"687","2020.03.31.","2020","03","31",0,1,4,0,0,0,0,0,0,0,0,0,0,0,0,0,2,0,0,2,4,2,0,1,1,2
"688","2020.03.30.","2020","03","30",0,0,0,0,1,0,0,0,0,1,0,0,1,1,0,0,1,4,0,2,3,1,4,1,0,2
"689","2020.03.29.","2020","03","29",0,1,0,0,0,0,0,0,0,0,0,0,0,0,1,0,4,0,0,3,1,4,5,1,0,2
"690","2020.03.28.","2020","03","28",0,1,0,0,0,0,2,1,0,1,0,0,0,1,0,0,1,1,1,0,1,0,2,1,0,2
"691","2020.03.27.","2020","03","27",0,0,1,0,0,0,1,1,0,0,0,0,0,0,0,0,2,1,0,0,0,1,4,2,1,0
"692","2020.03.26.","2020","03","26",0,0,0,0,0,0,0,0,0,0,0,0,0,0,0,1,0,1,0,2,0,3,4,0,0,2
"693","2020.03.25.","2020","03","25",1,0,1,0,0,1,2,0,0,1,0,1,0,0,0,2,0,0,0,1,0,1,1,0,0,1
"694","2020.03.24.","2020","03","24",1,0,1,0,0,0,0,0,0,0,0,0,0,0,0,0,0,0,1,0,0,0,1,1,1,0
"695","2020.03.23.","2020","03","23",0,0,0,0,0,0,0,1,0,1,0,1,2,0,0,1,0,0,0,0,0,0,0,0,0,0
"696","2020.03.22.","2020","03","22",0,0,0,1,0,0,2,0,0,0,0,0,2,0,0,1,0,0,1,0,0,1,0,0,0,0
"697","2020.03.21.","2020","03","21",0,0,0,1,1,0,1,1,0,0,2,1,0,0,0,1,1,0,1,2,1,2,0,0,2,0
"698","2020.03.20.","2020","03","20",0,0,1,1,0,0,0,0,0,0,2,0,0,3,1,1,0,0,2,2,1,0,1,2,0,0
"699","2020.03.19.","2020","03","19",0,0,1,0,1,0,0,2,0,0,1,0,0,1,1,0,0,0,0,2,0,0,2,0,0,0
"700","2020.03.18.","2020","03","18",0,0,0,0,0,1,0,0,0,0,0,0,0,1,0,0,0,0,1,1,0,0,0,1,0,1
"701","2020.03.17.","2020","03","17",0,0,1,0,0,2,0,0,0,0,0,1,2,0,0,1,2,0,0,0,2,0,0,0,0,0
"702","2020.03.16.","2020","03","16",0,0,0,0,0,0,0,0,0,0,1,1,0,0,0,1,2,0,1,0,0,0,0,0,0,0
"703","2020.03.15.","2020","03","15",0,0,0,0,0,0,1,0,0,1,0,0,0,1,0,0,2,0,2,0,0,0,1,0,0,0
"704","2020.03.14.","2020","03","14",0,0,0,0,0,3,0,0,0,0,1,0,0,1,0,0,0,0,0,1,1,2,0,0,0,0
"705","2020.03.13.","2020","03","13",0,0,1,0,0,1,1,1,1,0,1,0,0,0,0,0,0,2,0,0,1,1,1,1,0,0
"706","2020.03.12.","2020","03","12",0,0,0,0,0,3,1,2,0,0,0,2,2,1,0,3,2,0,0,0,0,0,0,1,0,0
"707","2020.03.11.","2020","03","11",0,0,0,0,0,4,0,0,0,0,2,2,0,4,7,4,5,1,5,3,8,0,0,1,0,0
"708","2020.03.10.","2020","03","10",0,1,0,0,0,0,0,0,0,0,1,4,0,0,2,3,8,1,0,1,0,0,0,0,1,4
"709","2020.03.09.","2020","03","09",0,0,0,0,0,7,0,0,0,0,1,0,0,0,0,0,0,0,0,0,0,0,1,0,0,1
"710","2020.03.08.","2020","03","08",0,0,0,0,0,0,0,0,0,0,0,1,0,0,2,0,0,0,0,0,1,1,1,0,0,1
"711","2020.03.07.","2020","03","07",0,0,0,0,0,0,0,1,2,0,0,0,0,0,1,1,0,0,0,0,0,0,0,0,0,2
"712","2020.03.06.","2020","03","06",0,0,0,0,0,0,0,0,0,0,0,0,0,0,0,0,0,0,0,0,0,0,1,0,0,0
"713","2020.03.05.","2020","03","05",0,0,1,0,0,3,1,0,2,0,0,0,0,0,0,0,0,0,0,0,0,0,0,0,0,0
"714","2020.03.04.","2020","03","04",0,0,0,0,0,0,0,0,0,0,0,0,0,0,0,0,0,0,0,0,0,0,0,0,0,0
"715","2020.03.03.","2020","03","03",0,0,0,0,0,0,0,2,0,1,0,0,0,0,0,0,0,0,1,0,0,1,1,0,0,0
"716","2020.03.02.","2020","03","02",0,0,0,0,1,0,0,1,0,0,0,0,0,0,1,0,0,0,1,0,0,0,1,0,0,0
"717","2020.03.01.","2020","03","01",0,0,0,0,0,0,0,0,0,0,1,0,0,0,0,0,0,0,1,0,1,0,1,0,0,1
"718","2020.02.29.","2020","02","29",0,0,0,1,0,0,0,0,0,0,3,0,0,0,0,0,0,0,0,0,1,0,3,3,1,0
"719","2020.02.28.","2020","02","28",0,0,0,0,1,1,0,0,0,0,1,0,2,0,0,0,0,0,0,0,0,1,1,0,0,2
"720","2020.02.27.","2020","02","27",0,0,0,0,1,1,0,0,0,0,1,0,2,0,0,0,0,0,0,0,0,1,1,0,0,2
"721","2020.02.26.","2020","02","26",1,0,0,0,0,0,0,0,0,0,1,4,0,0,1,0,0,0,0,0,1,0,1,0,0,0
"722","2020.02.25.","2020","02","25",0,0,0,0,0,0,0,0,0,0,2,2,0,0,0,0,0,1,0,1,1,0,0,4,1,4
"723","2020.02.24.","2020","02","24",0,0,0,0,0,0,0,0,0,0,0,1,0,0,0,0,0,0,0,0,0,0,0,3,0,0
"724","2020.02.23.","2020","02","23",1,0,0,0,0,0,0,0,0,0,0,0,0,0,0,1,0,0,0,0,0,0,0,0,1,0
"725","2020.02.22.","2020","02","22",0,0,0,0,0,0,0,0,0,0,0,0,1,0,0,0,1,0,0,0,0,2,0,1,1,0
"726","2020.02.21.","2020","02","21",3,0,0,1,0,0,0,0,0,0,0,0,1,0,0,0,0,0,0,0,0,1,0,0,0,0
"727","2020.02.20.","2020","02","20",3,0,0,1,0,0,0,0,0,0,0,0,0,0,0,0,0,0,0,0,0,0,0,0,0,1
"728","2020.02.19.","2020","02","19",0,0,0,0,0,0,0,0,0,0,0,0,0,0,0,0,0,0,0,0,0,0,0,0,0,0
"729","2020.02.18.","2020","02","18",0,0,0,0,0,0,0,0,0,0,0,0,0,0,0,0,0,0,0,0,0,0,0,0,0,0
"730","2020.02.17.","2020","02","17",0,0,0,0,0,0,0,0,0,0,0,0,0,0,0,0,0,0,0,0,0,0,0,0,0,0
"731","2020.02.16.","2020","02","16",2,0,0,0,0,0,0,0,0,0,0,0,1,0,0,0,0,0,0,0,0,0,0,0,0,0
"732","2020.02.15.","2020","02","15",0,0,0,0,0,0,0,0,0,0,0,0,0,0,0,0,0,0,0,0,0,0,0,0,0,0
"733","2020.02.14.","2020","02","14",0,0,0,0,0,0,0,0,0,0,0,0,0,0,0,0,0,0,0,0,0,0,0,0,0,0
"734","2020.02.13.","2020","02","13",0,0,0,0,0,0,0,0,0,0,0,0,0,0,0,0,0,0,0,0,0,0,0,0,0,0
"735","2020.02.12.","2020","02","12",0,0,0,0,0,0,0,0,0,0,0,0,0,0,0,0,0,0,0,0,0,0,0,0,0,0
"736","2020.02.11.","2020","02","11",0,0,0,0,0,0,0,0,0,0,0,0,0,0,0,0,0,0,0,0,0,0,0,0,0,0
"737","2020.02.10.","2020","02","10",0,0,0,0,0,0,0,0,0,0,0,0,0,0,0,0,0,0,0,0,0,0,0,0,0,0
"738","2020.02.09.","2020","02","09",0,0,0,0,0,0,0,0,0,0,0,0,0,0,0,0,0,0,0,0,0,0,0,0,0,0
"739","2020.02.08.","2020","02","08",0,0,0,0,0,0,0,0,0,0,0,0,0,0,0,0,0,0,0,0,0,0,0,0,0,0
"740","2020.02.07.","2020","02","07",0,0,0,0,0,0,0,0,0,0,0,0,0,0,0,0,0,0,0,0,0,0,0,0,0,0
"741","2020.02.06.","2020","02","06",0,0,0,0,0,0,0,1,0,0,0,0,1,0,0,0,0,0,0,0,0,0,0,0,0,1
"742","2020.02.05.","2020","02","05",0,0,0,0,0,0,0,1,0,0,0,0,0,0,0,0,0,0,0,0,0,0,0,1,0,0
